,titleType,primaryTitle,startYear,genres,averageRating,numVotes
6,movie,The Hours,2002.0,Drama Romance,7.5,123684
9,movie,Ponyo,2008.0,Adventure Animation Comedy,7.7,123390
20,movie,Me and Earl and the Dying Girl,2015.0,Comedy Drama,7.7,122326
25,movie,Doubt,2008.0,Drama Mystery,7.5,121128
30,movie,The Big Sick,2017.0,Comedy Drama Romance,7.5,119858
41,movie,Infernal Affairs,2002.0,Action Crime Drama,8.0,117352
43,movie,Kubo and the Two Strings,2016.0,Action Adventure Animation,7.8,116977
48,movie,Y Tu Mamá También,2001.0,Drama,7.6,115150
49,movie,This Is England,2006.0,Crime Drama,7.7,115129
55,movie,The Raid 2,2014.0,Action Crime Thriller,8.0,113628
63,movie,Nebraska,2013.0,Adventure Comedy Drama,7.7,111732
67,movie,Rang De Basanti,2006.0,Comedy Crime Drama,8.2,110966
70,movie,The Handmaiden,2016.0,Drama Romance Thriller,8.1,110363
72,movie,Once,2007.0,Drama Music Romance,7.8,110140
73,movie,Phantom Thread,2017.0,Drama Romance,7.5,110100
74,movie,I Saw the Devil,2010.0,Action Crime Drama,7.8,109680
76,movie,The Life of David Gale,2003.0,Crime Drama Thriller,7.6,109269
80,movie,Hunt for the Wilderpeople,2016.0,Adventure Comedy Drama,7.9,109068
81,movie,Dil Bechara,2020.0,Comedy Drama Romance,7.9,108861
86,movie,House of Flying Daggers,2004.0,Action Adventure Drama,7.5,107358
87,movie,The Best Offer,2013.0,Crime Drama Mystery,7.8,107225
90,movie,The Fall,2006.0,Adventure Drama Fantasy,7.9,106848
97,movie,A Single Man,2009.0,Drama Romance,7.6,105376
99,movie,Little Children,2006.0,Drama Romance,7.5,105080
101,movie,The Mountain II,2016.0,Action Drama War,8.8,104621
103,movie,Lagaan: Once Upon a Time in India,2001.0,Adventure Drama Musical,8.1,104205
104,movie,Talk to Her,2002.0,Drama Mystery Romance,7.9,104075
105,movie,The Two Popes,2019.0,Biography Comedy Drama,7.6,103712
108,movie,The Man Who Wasn't There,2001.0,Crime Drama,7.5,103450
110,movie,August Rush,2007.0,Drama Music,7.5,103049
112,movie,The Diving Bell and the Butterfly,2007.0,Biography Drama,8.0,102794
113,movie,Frost/Nixon,2008.0,Biography Drama History,7.7,102708
114,movie,The Wave,2008.0,Drama Thriller,7.6,102083
115,movie,Baahubali: The Beginning,2015.0,Action Drama,8.0,101896
119,movie,How to Train Your Dragon: The Hidden World,2019.0,Action Adventure Animation,7.5,101722
136,movie,Gifted,2017.0,Drama,7.6,98369
140,movie,United 93,2006.0,Action Drama History,7.5,98011
143,movie,My Name Is Khan,2010.0,Drama,8.0,97832
145,movie,Elite Squad,2007.0,Action Crime Drama,8.1,97592
148,movie,Ip Man 2,2010.0,Action Biography Drama,7.5,97099
151,movie,"Love, Simon",2018.0,Comedy Drama Romance,7.6,96877
153,movie,Jo Nesbø's Headhunters,2011.0,Action Crime Thriller,7.5,96412
154,movie,The Motorcycle Diaries,2004.0,Adventure Biography Drama,7.8,96209
162,movie,Volver,2006.0,Comedy Drama,7.6,94265
165,movie,Philomena,2013.0,Biography Comedy Drama,7.6,93671
167,movie,The Florida Project,2017.0,Drama,7.6,93310
170,movie,A Prophet,2009.0,Crime Drama,7.9,92990
174,movie,Amour,2012.0,Drama Romance,7.9,92406
182,movie,The Experiment,2001.0,Drama Thriller,7.7,90553
196,movie,The Painted Veil,2006.0,Drama Romance,7.5,88729
200,movie,Persepolis,2007.0,Animation Biography Drama,8.0,88074
211,movie,Klaus,2019.0,Adventure Animation Comedy,8.2,86743
215,movie,Biutiful,2010.0,Drama Romance,7.5,85739
217,movie,42,2013.0,Biography Drama Sport,7.5,85681
220,movie,Selma,2014.0,Biography Drama History,7.5,85565
228,movie,Sing Street,2016.0,Comedy Drama Music,7.9,84306
244,movie,Swades,2004.0,Drama,8.2,82417
246,movie,La Vie En Rose,2007.0,Biography Drama Music,7.6,82301
247,movie,"Synecdoche, New York",2008.0,Drama,7.6,82286
254,movie,Gangs of Wasseypur,2012.0,Action Crime Drama,8.2,81107
255,movie,Short Term 12,2013.0,Drama,8.0,81087
258,movie,Flipped,2010.0,Comedy Drama Romance,7.7,80944
264,movie,The Great Beauty,2013.0,Drama,7.8,80326
265,movie,A Monster Calls,2016.0,Adventure Drama Family,7.5,80172
271,movie,The Secret World of Arrietty,2010.0,Adventure Animation Family,7.6,79777
275,movie,Elite Squad 2: The Enemy Within,2010.0,Action Crime Drama,8.0,78870
284,movie,My Father and My Son,2005.0,Drama Family,8.3,77925
288,movie,The Sea Inside,2004.0,Biography Drama,8.0,77126
289,movie,The Kite Runner,2007.0,Drama,7.6,77092
290,movie,"Spring, Summer, Fall, Winter... and Spring",2003.0,Drama Romance,8.0,76907
294,movie,Detachment,2011.0,Drama,7.7,76409
297,movie,Trumbo,2015.0,Biography Crime Drama,7.5,75943
300,movie,Barfi!,2012.0,Comedy Drama Romance,8.1,75117
301,movie,Fruitvale Station,2013.0,Biography Crime Drama,7.5,75075
306,movie,Baahubali 2: The Conclusion,2017.0,Action Drama,8.2,74262
309,movie,Sicko,2007.0,Documentary Drama,7.9,73513
310,movie,A Wednesday,2008.0,Action Crime Drama,8.1,73474
311,movie,Chak De! India,2007.0,Drama Family Sport,8.2,73457
312,movie,Frances Ha,2012.0,Comedy Drama Romance,7.5,73414
314,movie,Munna Bhai M.B.B.S.,2003.0,Comedy Drama Musical,8.1,73293
316,movie,Beasts of No Nation,2015.0,Drama War,7.7,73150
318,movie,Disconnect,2012.0,Drama Thriller,7.5,72786
319,movie,Fearless,2006.0,Action Biography Drama,7.6,72626
322,movie,The Wind Rises,2013.0,Animation Biography Drama,7.8,72422
324,movie,Black Book,2006.0,Drama Thriller War,7.7,72287
327,movie,Lady Vengeance,2005.0,Crime Drama Thriller,7.6,71405
328,movie,Bajrangi Bhaijaan,2015.0,Action Adventure Comedy,8.0,71378
332,movie,The Trial of the Chicago 7,2020.0,Drama History Thriller,7.8,70765
335,movie,A Very Long Engagement,2004.0,Drama Mystery Romance,7.6,70647
338,movie,Paprika,2006.0,Animation Drama Fantasy,7.7,70282
342,movie,Andhadhun,2018.0,Crime Drama Music,8.3,69772
344,movie,Freedom Writers,2007.0,Biography Crime Drama,7.5,69393
346,movie,Inside Job,2010.0,Crime Documentary,8.2,69138
347,movie,Drishyam,2015.0,Crime Drama Mystery,8.2,68861
349,movie,The White Ribbon,2009.0,Drama History Mystery,7.8,68241
355,movie,The Station Agent,2003.0,Comedy Drama,7.6,67122
356,movie,Zindagi Na Milegi Dobara,2011.0,Comedy Drama,8.1,67091
357,movie,Love Me If You Dare,2003.0,Comedy Drama Romance,7.6,67047
368,movie,Dil Chahta Hai,2001.0,Comedy Drama Romance,8.1,66282
373,movie,Mysterious Skin,2004.0,Drama,7.6,65684
375,movie,Hunger,2008.0,Biography Drama,7.6,65493
382,movie,House of Sand and Fog,2003.0,Crime Drama,7.5,64926
394,movie,Senna,2010.0,Biography Documentary Sport,8.5,63623
396,movie,Celda 211,2009.0,Action Adventure Crime,7.6,63539
398,movie,Miss Sloane,2016.0,Drama,7.5,63440
399,movie,Searching for Sugar Man,2012.0,Biography Documentary Music,8.2,63434
400,movie,Rust and Bone,2012.0,Drama Romance,7.5,63433
406,movie,Kal Ho Naa Ho,2003.0,Comedy Drama Musical,8.0,62904
407,movie,The Man from Nowhere,2010.0,Action Crime Drama,7.8,62201
408,movie,The Peanut Butter Falcon,2019.0,Adventure Comedy Drama,7.6,62161
409,movie,Sympathy for Mr. Vengeance,2002.0,Crime Drama Thriller,7.6,62127
410,movie,Exit Through the Gift Shop,2010.0,Comedy Crime Documentary,8.0,62105
416,movie,13 Assassins,2010.0,Action Adventure Drama,7.6,61607
419,movie,Blackfish,2013.0,Biography Documentary News,8.1,61438
420,movie,Control,2007.0,Biography Drama Music,7.7,61291
428,movie,Bhaag Milkha Bhaag,2013.0,Biography Drama Sport,8.2,60570
429,movie,Shoplifters,2018.0,Crime Drama,8.0,60526
430,movie,Waking Life,2001.0,Animation Drama Fantasy,7.8,60429
431,movie,Queen,2013.0,Adventure Comedy Drama,8.2,60297
433,movie,Paddington 2,2017.0,Adventure Comedy Family,7.8,59829
434,movie,The Girl Who Leapt Through Time,2006.0,Adventure Animation Comedy,7.7,59802
436,movie,Capernaum,2018.0,Drama,8.4,59494
439,movie,Portrait of a Lady on Fire,2019.0,Drama Romance,8.1,58648
447,movie,The Social Dilemma,2020.0,Documentary Drama,7.7,57893
449,movie,The Chaser,2008.0,Action Crime Thriller,7.8,57711
454,movie,Kahaani,2012.0,Mystery Thriller,8.1,57356
455,movie,Religulous,2008.0,Comedy Documentary War,7.6,57299
456,movie,Only the Brave,2017.0,Action Biography Drama,7.6,57194
459,movie,The Chorus,2004.0,Drama Music,7.9,57003
461,movie,Richard Jewell,2019.0,Biography Crime Drama,7.5,56877
466,movie,The Body,2012.0,Mystery Thriller,7.6,56463
468,movie,G.O.R.A.,2004.0,Adventure Comedy Sci-Fi,8.0,56264
469,movie,"4 Months, 3 Weeks and 2 Days",2007.0,Drama,7.9,56252
472,movie,The Little Prince,2015.0,Adventure Animation Drama,7.7,56176
474,movie,Perfect Strangers,2016.0,Comedy Drama,7.8,56126
480,movie,The Piano Teacher,2001.0,Drama,7.5,55693
481,movie,The Great Debaters,2007.0,Biography Drama Romance,7.5,55672
482,movie,March of the Penguins,2005.0,Documentary Family,7.5,55665
491,movie,Dark Waters,2019.0,Biography Drama History,7.6,54834
493,movie,Waltz with Bashir,2008.0,Animation Biography Documentary,8.0,54826
510,movie,Free Solo,2018.0,Adventure Documentary Sport,8.2,53131
513,movie,"I, Daniel Blake",2016.0,Drama,7.9,52972
514,movie,Grizzly Man,2005.0,Biography Documentary,7.8,52840
519,movie,Airlift,2016.0,Drama History,8.0,52560
520,movie,Baby,2015.0,Action Thriller,8.0,52488
521,movie,Man on Wire,2008.0,Biography Crime Documentary,7.7,52427
526,movie,Victoria,2015.0,Crime Drama Romance,7.6,52206
527,movie,Citizenfour,2014.0,Biography Documentary History,8.0,52159
528,movie,Secondhand Lions,2003.0,Comedy Drama Family,7.5,52123
530,movie,Hotel Mumbai,2018.0,Action Drama History,7.6,51951
536,movie,The World's Fastest Indian,2005.0,Biography Drama Sport,7.8,51717
541,movie,Mother,2009.0,Crime Drama Mystery,7.8,51423
543,movie,Pride,2014.0,Biography Comedy Drama,7.8,51384
545,movie,OMG: Oh My God!,2012.0,Comedy Drama Fantasy,8.1,51102
548,movie,Head-On,2004.0,Drama Romance,7.9,50982
552,movie,Soorarai Pottru,2020.0,Drama,8.7,50869
556,movie,Song of the Sea,2014.0,Adventure Animation Drama,8.1,50599
557,movie,Special 26,2013.0,Crime Drama Thriller,8.0,50595
560,movie,5 Centimeters Per Second,2007.0,Animation Drama Family,7.6,50505
563,movie,Tell No One,2006.0,Crime Drama Mystery,7.5,50431
564,movie,The Wailing,2016.0,Horror Mystery Thriller,7.5,50425
566,movie,The Salesman,2016.0,Drama Thriller,7.8,50368
567,movie,The Triplets of Belleville,2003.0,Animation Comedy Drama,7.8,50364
569,movie,Haider,2014.0,Action Crime Drama,8.1,50100
571,movie,3-Iron,2004.0,Crime Drama Romance,8.0,50001
572,movie,The Lunchbox,2013.0,Drama Romance,7.8,49999
573,movie,Loving Vincent,2017.0,Animation Biography Crime,7.8,49993
574,movie,Mommy,2014.0,Drama,8.1,49986
579,movie,Hamilton,2020.0,Biography Drama History,8.6,49503
583,movie,The Flowers of War,2011.0,Drama History Romance,7.6,49351
584,movie,"Food, Inc.",2008.0,Documentary News,7.8,49249
585,movie,Dead Man's Shoes,2004.0,Crime Drama Thriller,7.6,49124
588,movie,Leviathan,2014.0,Crime Drama,7.6,48929
590,movie,Veer-Zaara,2004.0,Drama Family Musical,7.8,48648
591,movie,The Farewell,2019.0,Comedy Drama,7.6,48630
594,movie,Amy,2015.0,Biography Documentary Music,7.8,48299
595,movie,Departures,2008.0,Drama Music,8.1,48279
597,movie,Cold War,2018.0,Drama History Music,7.6,47948
600,movie,Pain and Glory,2019.0,Drama,7.5,47864
603,movie,Burning,2018.0,Drama Mystery,7.5,47675
604,movie,Miracle,2004.0,Biography Drama History,7.5,47624
605,movie,Who Am I,2014.0,Crime Drama Mystery,7.6,47600
613,movie,Jab We Met,2007.0,Comedy Drama Romance,7.9,47293
615,movie,The Cove,2009.0,Biography Crime Documentary,8.4,47117
617,movie,The Blind Swordsman: Zatoichi,2003.0,Action Comedy Crime,7.5,46998
618,movie,Sanju,2018.0,Biography Comedy Drama,7.8,46934
623,movie,A Man Called Ove,2015.0,Comedy Drama Romance,7.7,46570
626,movie,The Wind that Shakes the Barley,2006.0,Drama War,7.5,46229
631,movie,Winter Sleep,2014.0,Drama,8.1,45465
633,movie,A Silent Voice: The Movie,2016.0,Animation Drama Family,8.1,45258
634,movie,Adam's Apples,2005.0,Comedy Crime Drama,7.8,45220
635,movie,My Sassy Girl,2001.0,Comedy Drama Romance,8.0,45176
636,movie,Darbareye Elly,2009.0,Drama Mystery Thriller,8.0,45031
637,movie,The Imposter,2012.0,Biography Crime Documentary,7.5,45008
641,movie,The Past,2013.0,Drama Mystery,7.8,44689
644,movie,Son of Saul,2015.0,Drama War,7.5,44598
648,movie,No Man's Land,2001.0,Comedy Drama War,7.9,44388
652,movie,Just Mercy,2019.0,Biography Crime Drama,7.6,44033
653,movie,A Royal Affair,2012.0,Biography Drama History,7.5,43912
656,movie,CM101MMXI Fundamentals,2013.0,Comedy Documentary,9.2,43750
667,movie,The Counterfeiters,2007.0,Crime Drama History,7.6,43085
669,movie,1 - Nenokkadine,2014.0,Action Thriller,8.1,42847
670,movie,The Guilty,2018.0,Crime Drama Thriller,7.5,42797
671,movie,"Carry On, Munna Bhai",2006.0,Comedy Drama Romance,8.1,42746
672,movie,Life as a House,2001.0,Drama,7.5,42740
675,movie,Uri: The Surgical Strike,2019.0,Action Drama War,8.2,42649
676,movie,Cowboy Bebop: The Movie,2001.0,Action Animation Crime,7.9,42591
677,movie,Lilya 4-Ever,2002.0,Crime Drama,7.8,42420
680,movie,Udaan,2010.0,Drama,8.2,42063
684,movie,The Return,2003.0,Drama,8.0,42023
693,movie,The Visitor,2007.0,Drama,7.6,41417
696,movie,The Damned United,2009.0,Biography Drama Sport,7.5,41218
700,movie,Once Upon a Time in Anatolia,2011.0,Crime Drama,7.9,41153
710,movie,In America,2002.0,Drama,7.7,40299
722,movie,Vicky Donor,2012.0,Comedy Romance,7.8,39411
724,movie,Tangerines,2013.0,Drama War,8.2,39377
728,movie,Whale Rider,2002.0,Drama Family,7.5,39250
729,movie,M.S. Dhoni: The Untold Story,2016.0,Biography Drama Sport,7.8,39242
731,movie,The Broken Circle Breakdown,2012.0,Drama Music Romance,7.7,39142
734,movie,Rockstar,2011.0,Drama Music Musical,7.7,39053
738,movie,Vishwaroopam,2013.0,Action Thriller,8.2,38673
739,movie,Pink,2016.0,Drama Thriller,8.1,38651
744,movie,In a Better World,2010.0,Drama Romance,7.6,38326
746,movie,Icarus,2017.0,Documentary Sport,7.9,38300
747,movie,Wolf Children,2012.0,Animation Drama Fantasy,8.1,38289
752,movie,Devdas,2002.0,Drama Musical Romance,7.6,38084
757,movie,The Tale of The Princess Kaguya,2013.0,Adventure Animation Drama,8.0,37891
758,movie,Tae Guk Gi: The Brotherhood of War,2004.0,Action Drama War,8.1,37671
765,movie,"Lust, Caution",2007.0,Drama History Romance,7.5,37143
770,movie,Going Clear: Scientology & the Prison of Belief,2015.0,Documentary,8.0,36800
773,movie,Boy A,2007.0,Drama,7.6,36528
783,movie,A Bittersweet Life,2005.0,Action Crime Drama,7.6,36062
786,movie,Ghost in the Shell 2: Innocence,2004.0,Action Animation Drama,7.5,36021
794,movie,Dear Zindagi,2016.0,Drama Romance,7.6,35732
798,movie,Evil,2003.0,Drama,7.8,35467
799,movie,Confessions,2010.0,Drama Thriller,7.8,35454
801,movie,Mustang,2015.0,Drama,7.6,35383
812,movie,Land of Mine,2015.0,Drama History War,7.8,35032
813,movie,Togo,2019.0,Adventure Biography Drama,8.0,35029
816,movie,The Act of Killing,2012.0,Biography Crime Documentary,8.2,34947
822,movie,The King of Kong: A Fistful of Quarters,2007.0,Biography Documentary Sport,8.1,34603
829,movie,K.G.F: Chapter 1,2018.0,Action Drama,8.2,34165
832,movie,The Garden of Words,2013.0,Animation Drama Romance,7.5,34030
835,movie,The Class,2008.0,Drama,7.5,33830
841,movie,The Illusionist,2010.0,Animation Drama Family,7.5,33499
843,movie,Touching the Void,2003.0,Adventure Documentary Drama,8.0,33475
847,movie,Ayla: The Daughter of War,2017.0,Biography Drama History,8.4,33390
849,movie,Jiro Dreams of Sushi,2011.0,Documentary,7.9,33339
850,movie,English Vinglish,2012.0,Comedy Drama Family,7.8,33315
852,movie,Black,2005.0,Drama,8.2,33194
854,movie,Samsara,2011.0,Documentary Music,8.5,33114
857,movie,Vizontele,2001.0,Comedy Drama,8.0,33044
858,movie,Dear Zachary: A Letter to a Son About His Father,2008.0,Biography Crime Documentary,8.5,33037
860,movie,Paan Singh Tomar,2012.0,Action Biography Crime,8.2,32950
870,movie,Chhichhore,2019.0,Comedy Drama,8.2,32286
876,movie,Yedinci Kogustaki Mucize,2019.0,Drama,8.3,32051
878,movie,When Marnie Was There,2014.0,Animation Drama Family,7.7,32025
881,movie,Mesrine: Killer Instinct,2008.0,Action Biography Crime,7.5,31960
887,movie,Hedwig and the Angry Inch,2001.0,Comedy Drama Music,7.7,31810
888,movie,Kai Po Che,2013.0,Drama Sport,7.7,31807
889,movie,After the Wedding,2006.0,Drama,7.7,31779
891,movie,The Breath,2009.0,Action Drama Thriller,8.0,31631
902,movie,C.R.A.Z.Y.,2005.0,Comedy Drama,7.9,31362
909,movie,13th,2016.0,Crime Documentary History,8.3,31143
910,movie,Gully Boy,2019.0,Drama Music,8.0,31142
912,movie,The Secret of Kells,2009.0,Adventure Animation Family,7.6,31082
913,movie,Sin Nombre,2009.0,Adventure Crime Drama,7.6,31028
916,movie,The Red Turtle,2016.0,Animation Family Fantasy,7.5,30809
917,movie,Tokyo Godfathers,2003.0,Adventure Animation Comedy,7.8,30774
918,movie,Talvar,2015.0,Crime Drama Mystery,8.2,30745
923,movie,The Edge of Heaven,2007.0,Drama,7.8,30640
925,movie,The Edukators,2004.0,Drama Romance,7.5,30608
928,movie,Drishyam,2013.0,Crime Drama Thriller,8.3,30398
933,movie,Tyrannosaur,2011.0,Drama,7.6,30169
940,movie,Interstate 60: Episodes of the Road,2002.0,Adventure Comedy Drama,7.7,29791
941,movie,Jodhaa Akbar,2008.0,Action Drama History,7.6,29663
948,movie,Waar,2013.0,Action Crime Drama,7.9,29372
951,movie,Loveless,2017.0,Drama,7.6,29336
953,movie,Raanjhanaa,2013.0,Drama Romance,7.6,29316
959,movie,Instructions Not Included,2013.0,Comedy Drama,7.5,28984
961,movie,Piku,2015.0,Comedy Drama,7.6,28666
964,movie,They Shall Not Grow Old,2018.0,Documentary History War,8.3,28651
971,movie,Dev.D,2009.0,Drama Romance,8.0,28554
973,movie,Death Note,2006.0,Crime Drama Fantasy,7.7,28509
975,movie,Mesrine: Public Enemy No. 1,2008.0,Action Biography Crime,7.5,28273
978,movie,The Barbarian Invasions,2003.0,Comedy Crime Drama,7.6,28170
980,movie,Wake Up Sid,2009.0,Comedy Drama Romance,7.6,28004
986,movie,Weekend,2011.0,Drama Romance,7.6,27889
988,movie,Cobain: Montage of Heck,2015.0,Animation Biography Documentary,7.5,27829
997,movie,Joyeux Noel,2005.0,Drama History Music,7.7,27565
998,movie,I Killed My Mother,2009.0,Drama Romance,7.5,27537
1000,movie,Stree,2018.0,Comedy Horror,7.6,27493
1003,movie,Badhaai Ho,2018.0,Comedy Drama,8.0,27384
1004,movie,Delhi Belly,2011.0,Action Comedy Crime,7.6,27341
1006,movie,This Film Is Not Yet Rated,2006.0,Documentary,7.5,27295
1010,movie,The Boy Who Harnessed the Wind,2019.0,Drama,7.6,27061
1012,movie,Vikram Vedha,2017.0,Action Crime Drama,8.5,27037
1014,movie,Three Identical Strangers,2018.0,Biography Documentary Drama,7.7,26933
1019,movie,Udta Punjab,2016.0,Action Crime Drama,7.8,26875
1023,movie,Tumbbad,2018.0,Drama Fantasy Horror,8.3,26717
1040,movie,Sophie Scholl: The Final Days,2005.0,Biography Crime Drama,7.6,26344
1041,movie,The Blue Elephant,2014.0,Drama Horror Mystery,8.1,26331
1044,movie,Highway,2014.0,Crime Drama Romance,7.6,26271
1050,movie,Before the Flood,2016.0,Documentary News,8.3,26086
1051,movie,Tanu Weds Manu Returns,2015.0,Comedy Drama Romance,7.6,26073
1052,movie,Summer Wars,2009.0,Action Adventure Animation,7.5,25984
1058,movie,The Magdalene Sisters,2002.0,Drama,7.7,25822
1060,movie,I Lost My Body,2019.0,Animation Drama Fantasy,7.6,25768
1066,movie,Mr. Church,2016.0,Comedy Drama,7.6,25416
1080,movie,Raazi,2018.0,Action Drama Thriller,7.8,24833
1086,movie,Nobody Knows,2004.0,Drama,8.1,24674
1088,movie,God's Own Country,2017.0,Drama Romance,7.7,24542
1094,movie,Control,2003.0,Comedy Crime Drama,7.6,24321
1100,movie,Mersal,2017.0,Action Thriller,7.6,24185
1102,movie,My Life Without Me,2003.0,Drama Romance,7.5,24108
1104,movie,The Art of Racing in the Rain,2019.0,Comedy Drama Romance,7.6,24009
1108,movie,Capturing the Friedmans,2003.0,Biography Documentary,7.7,23911
1110,movie,Vera Drake,2004.0,Crime Drama,7.6,23861
1118,movie,Ludo,2020.0,Action Comedy Crime,7.6,23690
1119,movie,On Body and Soul,2017.0,Drama Fantasy Mystery,7.6,23668
1121,movie,Where to Invade Next,2015.0,Comedy Documentary,7.5,23502
1125,movie,Thuppakki,2012.0,Action Thriller,7.9,23415
1126,movie,Masaan,2015.0,Drama,8.2,23372
1130,movie,Bloody Sunday,2002.0,Drama History War,7.6,23197
1133,movie,Millennium Actress,2001.0,Animation Drama Fantasy,7.9,23079
1136,movie,Kapoor & Sons,2016.0,Comedy Drama Family,7.7,23032
1138,movie,Raatchasan,2018.0,Action Crime Thriller,8.7,22949
1139,movie,Hindi Medium,2017.0,Comedy Drama,7.8,22943
1141,movie,Red Cliff II,2009.0,Action Adventure Drama,7.6,22887
1142,movie,Jim & Andy: The Great Beyond,2017.0,Documentary,7.7,22878
1144,movie,Article 15,2019.0,Crime Drama Mystery,8.2,22784
1145,movie,The Way He Looks,2014.0,Drama Romance,7.9,22783
1146,movie,Madras Cafe,2013.0,Action Drama Thriller,7.7,22738
1149,movie,The Fog of War: Eleven Lessons from the Life of Robert S. McNamara,2003.0,Biography Documentary History,8.1,22712
1151,movie,Won't You Be My Neighbor?,2018.0,Biography Documentary,8.4,22638
1155,movie,Little Manhattan,2005.0,Comedy Family Romance,7.5,22494
1157,movie,Remember,2015.0,Drama Mystery Thriller,7.5,22449
1161,movie,Mirror Game,2016.0,Crime Mystery Thriller,9.1,22335
1172,movie,Khosla's Nest,2006.0,Comedy Crime Drama,8.3,22134
1173,movie,Dragon Ball Super: Broly,2018.0,Action Adventure Animation,7.9,22120
1175,movie,The Twilight Samurai,2002.0,Drama History Romance,8.1,22114
1181,movie,The Man Without a Past,2002.0,Comedy Drama Romance,7.7,21954
1183,movie,Restrepo,2010.0,Biography Documentary History,7.5,21889
1185,movie,Badla,2019.0,Crime Drama Mystery,7.8,21884
1186,movie,Guru,2007.0,Biography Drama,7.7,21845
1188,movie,Boy,2010.0,Comedy Drama,7.5,21806
1190,movie,A Moment to Remember,2004.0,Drama Romance,8.2,21738
1193,movie,Jodorowsky's Dune,2013.0,Documentary,8.1,21693
1197,movie,"Like Father, Like Son",2013.0,Drama,7.8,21607
1202,movie,My Life as a Zucchini,2016.0,Animation Comedy Drama,7.8,21502
1207,movie,Losers' Club,2011.0,Comedy Drama Romance,7.6,21416
1210,movie,Home,2009.0,Documentary,8.6,21337
1211,movie,Apollo 11,2019.0,Documentary History,8.2,21336
1214,movie,David Attenborough: A Life on Our Planet,2020.0,Biography Documentary,9.0,21317
1215,movie,Away from Her,2006.0,Drama,7.5,21291
1219,movie,The Fly,2012.0,Action Comedy Fantasy,7.7,21212
1223,movie,Cowspiracy: The Sustainability Secret,2014.0,Documentary,8.3,21072
1227,movie,Shelter,2007.0,Drama Romance Sport,7.6,20955
1230,movie,Dear Frankie,2004.0,Drama Romance,7.7,20892
1231,movie,Pad Man,2018.0,Comedy Drama,7.9,20817
1232,movie,Ölümlü Dünya,2018.0,Action Comedy,7.7,20803
1233,movie,Parmanu: The Story of Pokhran,2018.0,Action Drama History,7.6,20796
1234,movie,Neerja,2016.0,Biography Drama Thriller,7.7,20791
1237,movie,Rock On!!,2008.0,Drama Music,7.7,20735
1241,movie,Embrace of the Serpent,2015.0,Adventure Biography Drama,7.9,20637
1242,movie,Arjun Reddy,2017.0,Drama Romance,8.1,20631
1249,movie,Lakshya,2004.0,Action Drama Romance,7.9,20516
1250,movie,Tanhaji: The Unsung Warrior,2020.0,Action Biography Drama,7.6,20476
1251,movie,The Best of Youth,2003.0,Drama Romance,8.5,20471
1256,movie,The Corporation,2003.0,Documentary History,8.0,20426
1258,movie,Secret Superstar,2017.0,Drama Music,7.9,20404
1260,movie,Super 30,2019.0,Biography Drama,7.9,20379
1262,movie,New World,2013.0,Action Crime Drama,7.6,20264
1264,movie,For Love and Honor,2007.0,Action Crime Drama,7.8,20254
1269,movie,Indie Game: The Movie,2012.0,Documentary Drama,7.6,20172
1270,movie,The Boy and the Beast,2015.0,Action Adventure Animation,7.7,20103
1272,movie,"Oslo, August 31st",2011.0,Drama,7.6,20017
1273,movie,Weathering with You,2019.0,Animation Drama Fantasy,7.5,19991
1274,movie,Ugly,2013.0,Crime Drama Mystery,8.0,19957
1276,movie,Aile Arasinda,2017.0,Comedy,7.7,19914
1277,movie,The Wild Pear Tree,2018.0,Drama,8.1,19913
1278,movie,The Breadwinner,2017.0,Animation Drama Family,7.7,19875
1281,movie,The Butterfly's Dream,2013.0,Biography Drama History,7.8,19819
1283,movie,The Mountain,2012.0,Adventure Drama Thriller,7.8,19804
1284,movie,Pyaar Ka Punchnama,2011.0,Comedy Drama Romance,7.6,19803
1286,movie,I've Loved You So Long,2008.0,Drama,7.6,19733
1289,movie,The Salt of the Earth,2014.0,Biography Documentary History,8.5,19689
1296,movie,Rurouni Kenshin Part I: Origins,2012.0,Action Drama History,7.5,19501
1299,movie,Detective Byomkesh Bakshy!,2015.0,Action Crime Drama,7.6,19347
1302,movie,The Namesake,2006.0,Drama,7.5,19309
1303,movie,I Am Not Your Negro,2016.0,Documentary,7.9,19239
1307,movie,Monsieur Lazhar,2011.0,Comedy Drama,7.5,19084
1309,movie,Omkara,2006.0,Action Crime Drama,8.1,19045
1315,movie,Bareilly Ki Barfi,2017.0,Comedy Romance,7.5,18837
1316,movie,The Stoning of Soraya M.,2008.0,Drama,8.0,18817
1318,movie,Distant,2002.0,Drama,7.6,18778
1321,movie,Wadjda,2012.0,Comedy Drama,7.5,18760
1325,movie,Pardon,2005.0,Comedy Drama,8.2,18696
1327,movie,Rocket Singh: Salesman of the Year,2009.0,Comedy Drama,7.5,18688
1329,movie,Black Friday,2004.0,Action Crime Drama,8.5,18671
1332,movie,Bacurau,2019.0,Adventure Horror Mystery,7.5,18633
1345,movie,Rangasthalam 1985,2018.0,Action Drama,8.4,18444
1354,movie,Ernest & Celestine,2012.0,Adventure Animation Comedy,7.9,18263
1358,movie,Laurence Anyways,2012.0,Drama Romance,7.7,18219
1361,movie,96,2018.0,Drama Romance,8.6,18190
1364,movie,A Dog's Journey,2019.0,Adventure Comedy Drama,7.5,18160
1366,movie,Freier Fall,2013.0,Drama,7.6,18105
1368,movie,Carandiru,2003.0,Crime Drama,7.6,18078
1370,movie,Aquarius,2016.0,Drama,7.5,18025
1371,movie,Wheels,2014.0,Drama,8.7,18015
1376,movie,Magadheera,2009.0,Action Drama Fantasy,7.6,17970
1380,movie,Dum Laga Ke Haisha,2015.0,Comedy Drama Romance,7.5,17857
1381,movie,Turtles Can Fly,2004.0,Drama War,8.1,17852
1385,movie,Earthlings,2005.0,Documentary,8.7,17813
1392,movie,Sivaji,2007.0,Action Drama Thriller,7.5,17679
1393,movie,Les Misérables,2019.0,Crime Drama Thriller,7.6,17675
1394,movie,Manjhi: The Mountain Man,2015.0,Adventure Biography Drama,8.0,17666
1397,movie,King of Devil's Island,2010.0,Action Drama,7.5,17602
1400,movie,Jolly LLB,2013.0,Comedy Drama,7.5,17476
1401,movie,Zeitgeist: Moving Forward,2011.0,Documentary,8.1,17476
1402,movie,Rudderless,2014.0,Comedy Drama Music,7.5,17472
1403,movie,Evangelion: 1.0 You Are (Not) Alone,2007.0,Action Animation Drama,7.7,17466
1405,movie,Knife,2014.0,Action Drama,7.9,17429
1407,movie,Bad Genius,2017.0,Comedy Crime Drama,7.6,17404
1409,movie,O.J.: Made in America,2016.0,Biography Crime Documentary,8.9,17369
1411,movie,The Concert,2009.0,Comedy Drama Music,7.6,17315
1412,movie,Metallica: Some Kind of Monster,2004.0,Documentary Music,7.5,17293
1414,movie,Bilal: A New Breed of Hero,2015.0,Action Adventure Animation,7.9,17265
1423,movie,One Cut of the Dead,2017.0,Comedy Horror,7.7,17109
1424,movie,Encounters at the End of the World,2007.0,Documentary,7.7,17103
1426,movie,24,2016.0,Action Sci-Fi Thriller,7.8,17050
1437,movie,Premam,2015.0,Comedy Drama Romance,8.3,16783
1440,movie,Enron: The Smartest Guys in the Room,2005.0,Biography Documentary History,7.6,16763
1442,movie,Waves,2019.0,Drama Romance Sport,7.6,16741
1454,movie,Newton,2017.0,Comedy Drama,7.7,16422
1455,movie,Tickled,2016.0,Documentary Mystery,7.6,16418
1458,movie,Anbe Sivam,2003.0,Adventure Comedy Drama,8.7,16392
1462,movie,Thani Oruvan,2015.0,Action Crime Thriller,8.4,16361
1463,movie,Castaway on the Moon,2009.0,Drama Romance,8.1,16348
1466,movie,Miracle in Cell No. 7,2013.0,Comedy Drama,8.2,16332
1471,movie,As It Is in Heaven,2004.0,Comedy Drama Music,7.5,16239
1474,movie,Oye Lucky! Lucky Oye!,2008.0,Comedy Crime Drama,7.7,16191
1479,movie,Bangalore Days,2014.0,Comedy Drama Romance,8.3,16126
1484,movie,Maudie,2016.0,Biography Drama Romance,7.6,16027
1485,movie,Elle s'appelait Sarah,2010.0,Drama War,7.5,16025
1492,movie,Iqbal,2005.0,Drama Sport,8.1,15796
1496,movie,The Turin Horse,2011.0,Drama,7.8,15759
1501,movie,Dolls,2002.0,Drama Romance,7.6,15664
1503,movie,A Taxi Driver,2017.0,Action Drama History,7.9,15618
1505,movie,The Internet's Own Boy: The Story of Aaron Swartz,2014.0,Biography Crime Documentary,8.0,15570
1507,movie,Gangaajal,2003.0,Action Crime Drama,7.8,15558
1510,movie,The Game Changers,2018.0,Documentary,7.9,15529
1512,movie,Anvil: The Story of Anvil,2008.0,Biography Documentary Drama,7.9,15520
1513,movie,Sorry We Missed You,2019.0,Drama,7.6,15472
1514,movie,Evangelion: 2.0 You Can (Not) Advance,2009.0,Action Animation Drama,8.0,15457
1519,movie,Bharath Ane Nenu,2018.0,Action Drama,7.7,15340
1533,movie,Müslüm,2018.0,Biography Drama Music,7.8,15153
1538,movie,The Consequences of Love,2004.0,Crime Drama Romance,7.5,15128
1539,movie,Shahid,2012.0,Biography Drama,8.2,15078
1557,movie,Meru,2015.0,Documentary Sport,7.7,14878
1561,movie,Never Look Away,2018.0,Biography Drama Romance,7.7,14850
1562,movie,Sword of the Stranger,2007.0,Action Adventure Animation,7.8,14827
1563,movie,Happy as Lazzaro,2018.0,Drama Fantasy,7.5,14827
1564,movie,Life Itself,2014.0,Biography Documentary,7.8,14820
1565,movie,Life in a Day,2011.0,Documentary Drama,7.6,14820
1566,movie,Telling Tales,2015.0,Comedy Fantasy Romance,7.5,14817
1570,movie,Son of the Bride,2001.0,Comedy Drama,7.8,14713
1571,movie,The Legend of Bhagat Singh,2002.0,Action Biography Drama,8.1,14655
1577,movie,The Insult,2017.0,Crime Drama Thriller,7.7,14563
1580,movie,Pina,2011.0,Documentary Music,7.7,14437
1581,movie,Company,2002.0,Action Crime Drama,8.0,14428
1586,movie,Rory O'Shea Was Here,2004.0,Comedy Drama,7.8,14326
1590,movie,"You, the Living",2007.0,Comedy Drama Music,7.5,14300
1594,movie,The Dawn Wall,2017.0,Biography Documentary Sport,8.1,14285
1596,movie,The Class,2007.0,Drama,7.9,14258
1597,movie,Water,2005.0,Drama,7.7,14251
1598,movie,The Lizard,2004.0,Comedy Drama,8.5,14250
1601,movie,Anniyan,2005.0,Action Drama Thriller,8.2,14236
1607,movie,Nayak: The Real Hero,2001.0,Action Drama Thriller,7.8,14195
1608,movie,Earth,2007.0,Documentary,8.0,14171
1617,movie,Elling,2001.0,Comedy Drama,7.5,13995
1622,movie,Sidewalls,2011.0,Comedy Drama,7.5,13925
1625,movie,12,2007.0,Crime Drama Thriller,7.7,13892
1628,movie,Gulaal,2009.0,Crime Drama Thriller,8.1,13830
1635,movie,My Octopus Teacher,2020.0,Documentary,8.3,13717
1637,movie,Revanche,2008.0,Crime Drama Romance,7.5,13697
1644,movie,The Death of Mr. Lazarescu,2005.0,Comedy Drama,7.9,13665
1645,movie,Ghost in the Shell 2.0,2008.0,Action Adventure Animation,8.0,13647
1646,movie,Still Walking,2008.0,Drama,7.9,13621
1650,movie,To the Forest of Firefly Lights,2011.0,Animation Drama Fantasy,7.9,13489
1651,movie,Interstella 5555: The 5tory of the 5ecret 5tar 5ystem,2003.0,Action Adventure Animation,7.8,13473
1655,movie,Honeyland,2019.0,Documentary Drama,8.0,13440
1660,movie,TPB AFK: The Pirate Bay Away from Keyboard,2013.0,Documentary,7.5,13373
1671,movie,A Touch of Spice,2003.0,Comedy Drama,7.5,13251
1672,movie,Frantz,2016.0,Drama History Romance,7.5,13238
1678,movie,Omar,2013.0,Crime Drama Romance,7.5,13157
1681,movie,October,2018.0,Drama Romance,7.5,13149
1682,movie,Marley,2012.0,Biography Documentary Music,8.0,13142
1683,movie,Madaari,2016.0,Adventure Drama Thriller,7.6,13134
1685,movie,Mondays in the Sun,2002.0,Comedy Drama,7.6,13119
1688,movie,Finding Vivian Maier,2013.0,Biography Documentary Mystery,7.7,13086
1690,movie,Bigger Stronger Faster*,2008.0,Documentary Sport,7.6,13072
1695,movie,Diego Maradona,2019.0,Biography Documentary Sport,7.7,13050
1698,movie,Ghajini,2005.0,Action Drama Mystery,7.5,13040
1700,movie,Hungama,2003.0,Comedy Drama Romance,7.5,13028
1702,movie,The Second Mother,2015.0,Comedy Drama,7.8,13007
1706,movie,Side by Side,2012.0,Documentary,7.6,12993
1711,movie,Kedi,2016.0,Documentary,7.7,12922
1712,movie,Free to Play,2014.0,Action Documentary,7.9,12901
1713,movie,The Band's Visit,2007.0,Comedy Drama Music,7.5,12840
1715,movie,Karwaan,2018.0,Comedy Drama,7.5,12795
1722,movie,Winter on Fire: Ukraine's Fight for Freedom,2015.0,Documentary,8.4,12633
1725,movie,Mankatha,2011.0,Action Crime Thriller,7.6,12568
1727,movie,Shaadi Mein Zaroor Aana,2017.0,Drama Romance,7.6,12556
1728,movie,Lootcase,2020.0,Comedy Crime,7.6,12554
1730,movie,Tekkonkinkreet,2006.0,Action Adventure Animation,7.6,12530
1731,movie,Pokiri,2006.0,Action Crime Thriller,7.9,12529
1739,movie,Nowhere in Africa,2001.0,Biography Drama History,7.5,12439
1744,movie,Philanthropy,2002.0,Comedy Drama,8.5,12389
1746,movie,Bang Bang You're Dead,2002.0,Crime Drama Thriller,7.8,12388
1751,movie,RangiTaranga,2015.0,Mystery Thriller,8.3,12359
1753,movie,It Might Get Loud,2008.0,Documentary Music,7.6,12342
1755,movie,Cocaine Cowboys,2006.0,Crime Documentary History,7.8,12340
1758,movie,Stories We Tell,2012.0,Documentary,7.5,12331
1760,movie,Peranbu,2018.0,Drama,9.0,12320
1768,movie,Our Little Sister,2015.0,Drama Family,7.5,12266
1771,movie,RBG,2018.0,Biography Documentary,7.6,12238
1772,movie,Dogtown and Z-Boys,2001.0,Documentary Sport,7.7,12233
1773,movie,Snow Cake,2006.0,Drama Romance,7.5,12221
1776,movie,Let's Sin,2014.0,Action Crime Drama,7.8,12208
1777,movie,Destiny,2006.0,Drama,7.9,12200
1778,movie,Life Is a Miracle,2004.0,Comedy Drama Music,7.6,12189
1780,movie,"What Happened, Miss Simone?",2015.0,Biography Documentary Music,7.6,12154
1782,movie,Tyson,2008.0,Biography Documentary Sport,7.5,12139
1783,movie,Sound City,2013.0,Documentary Music,7.8,12128
1786,movie,Who Killed the Electric Car?,2006.0,Documentary,7.6,12106
1787,movie,Dhuruvangal Pathinaaru,2016.0,Action Crime Mystery,8.3,12100
1799,movie,Athadu,2005.0,Action Thriller,8.2,11916
1800,movie,The Secret Life of Words,2005.0,Drama Romance,7.5,11889
1803,movie,Spellbound,2002.0,Comedy Documentary Thriller,7.5,11860
1804,movie,Takva: A Man's Fear of God,2006.0,Drama,7.5,11860
1811,movie,Rurouni Kenshin Part II: Kyoto Inferno,2014.0,Action Adventure Drama,7.6,11815
1817,movie,The Ghazi Attack,2017.0,Action Thriller War,7.6,11775
1821,movie,The Look of Silence,2014.0,Biography Documentary History,8.3,11721
1827,movie,Corpus Christi,2019.0,Drama,7.7,11669
1829,movie,Love Exposure,2008.0,Action Comedy Drama,8.1,11662
1830,movie,Metal: A Headbanger's Journey,2005.0,Documentary Music,8.1,11660
1831,movie,The Fool,2014.0,Crime Drama Thriller,8.0,11630
1832,movie,Where Do We Go Now?,2011.0,Comedy Drama,7.5,11629
1833,movie,Forks Over Knives,2011.0,Documentary,7.7,11627
1842,movie,Ustad Hotel,2012.0,Comedy Drama Family,8.2,11530
1848,movie,Winged Migration,2001.0,Documentary,7.9,11485
1849,movie,Beyond the Hills,2012.0,Drama,7.5,11459
1850,movie,Fed Up,2014.0,Documentary,7.7,11456
1851,movie,Johnny the Traitor,2007.0,Crime Drama Mystery,7.8,11448
1852,movie,Lucia,2013.0,Drama Sci-Fi Thriller,8.3,11440
1855,movie,Vavien,2009.0,Comedy Drama Thriller,7.5,11402
1861,movie,Section 375,2019.0,Drama Mystery,8.1,11352
1862,movie,Redline,2009.0,Action Animation Sci-Fi,7.5,11337
1866,movie,Saala Khadoos,2016.0,Action Drama Sport,7.6,11267
1869,movie,Sairat,2016.0,Drama Romance,8.3,11255
1871,movie,The Beatles: Eight Days a Week - The Touring Years,2016.0,Documentary Music,7.8,11241
1873,movie,Montevideo: Taste of a Dream,2010.0,Adventure Comedy Drama,8.2,11231
1881,movie,Bheja Fry,2007.0,Comedy Drama,7.6,11139
1885,movie,Silenced,2011.0,Drama,8.1,11079
1887,movie,Srimanthudu,2015.0,Action Drama,7.5,11072
1890,movie,Killing the Shadows,2006.0,Comedy Drama History,7.5,11051
1892,movie,The Last: Naruto the Movie,2014.0,Action Adventure Animation,7.6,11024
1895,movie,The Island,2006.0,Drama,7.9,11015
1897,movie,Beyond the Gates,2005.0,Drama History War,7.7,11004
1900,movie,Machuca,2004.0,Biography Drama History,7.7,10913
1906,movie,Cars of the Revolution,2008.0,Drama,8.0,10885
1907,movie,"20,000 Days on Earth",2014.0,Documentary Drama Music,7.5,10875
1909,movie,It's Such a Beautiful Day,2012.0,Animation Comedy Drama,8.3,10839
1911,movie,Last Life in the Universe,2003.0,Comedy Drama Romance,7.5,10801
1918,movie,Brothers,2004.0,Drama War,7.5,10741
1919,movie,Aruvi,2016.0,Drama,8.5,10729
1920,movie,Kaithi,2019.0,Action Thriller,8.5,10703
1921,movie,Faces Places,2017.0,Documentary,7.9,10667
1928,movie,Waiting for 'Superman',2010.0,Documentary,7.5,10641
1930,movie,Two Lottery Tickets,2016.0,Comedy,7.7,10609
1931,movie,My Way,2011.0,Action Drama War,7.7,10601
1932,movie,Aamir,2008.0,Action Crime Drama,7.7,10591
1937,movie,Poetry,2010.0,Drama,7.8,10549
1939,movie,George Harrison: Living in the Material World,2011.0,Biography Documentary Music,8.2,10531
1940,movie,Vada Chennai,2018.0,Action Crime Drama,8.5,10512
1942,movie,Berserk: The Golden Age Arc I - The Egg of the King,2012.0,Action Adventure Animation,7.6,10474
1946,movie,Tell Me Who I Am,2019.0,Documentary Drama Mystery,7.6,10445
1950,movie,Hichki,2018.0,Comedy Drama,7.5,10414
1952,movie,The Miracle,2015.0,Comedy Drama Romance,7.6,10403
1961,movie,Blancanieves,2012.0,Drama Fantasy,7.5,10359
1965,movie,City of Life and Death,2009.0,Drama History War,7.7,10309
1975,movie,Trapped,2016.0,Drama Thriller,7.5,10258
1977,movie,The Red Pill,2016.0,Documentary,8.2,10245
1978,movie,Virunga,2014.0,Documentary War,8.2,10239
1983,movie,GasLand,2010.0,Documentary,7.7,10183
1989,movie,Oasis: Supersonic,2016.0,Biography Documentary Music,7.9,10132
1996,movie,Asuran,2019.0,Action Drama,8.5,10093
1999,movie,Jigarthanda,2014.0,Action Crime Drama,8.3,10064
2003,movie,Ankhon Dekhi,2013.0,Comedy Drama,8.0,10025
2008,movie,Geetha Govindam,2018.0,Drama Romance,7.7,10007
2012,movie,Birds of Passage,2018.0,Crime Drama,7.5,9972
2016,movie,Stanley Kubrick: A Life in Pictures,2001.0,Biography Documentary,8.0,9921
2017,movie,All or Nothing,2002.0,Drama,7.5,9919
2024,movie,Us,2014.0,Comedy Drama Fantasy,8.0,9870
2026,movie,Fireworks Wednesday,2006.0,Drama Mystery Romance,7.7,9854
2028,movie,Murderball,2005.0,Documentary Sport,7.7,9819
2029,movie,Theeran Adhigaram Ondru,2017.0,Action Crime Thriller,8.2,9817
2030,movie,Vaaranam Aayiram,2008.0,Drama Musical Romance,8.1,9816
2032,movie,Deliver Us from Evil,2006.0,Crime Documentary,7.9,9808
2039,movie,West of Memphis,2012.0,Crime Documentary,7.9,9784
2045,movie,Why We Fight,2005.0,Documentary History War,8.0,9727
2049,movie,Weiner,2016.0,Documentary,7.6,9678
2052,movie,The Distinguished Citizen,2016.0,Comedy Drama,7.5,9673
2053,movie,South Wind,2018.0,Crime Drama Thriller,8.1,9658
2066,movie,Open Hearts,2002.0,Drama Romance,7.5,9554
2068,movie,My Grandfather's People,2011.0,Comedy Drama Family,8.0,9540
2069,movie,Mahanati,2018.0,Biography Drama,8.5,9537
2076,movie,Champion,2018.0,Biography Drama Romance,8.3,9495
2080,movie,"When I Grow Up, I'll Be a Kangaroo",2004.0,Comedy,8.4,9480
2082,movie,The Man Who Copied,2003.0,Comedy Crime Drama,7.6,9465
2084,movie,Lovelorn,2005.0,Drama,7.8,9460
2086,movie,The Song of Sparrows,2008.0,Drama Family,7.9,9436
2090,movie,Maqbool,2003.0,Crime Drama Thriller,8.1,9415
2095,movie,Behzat Ç.: Seni Kalbime Gömdüm,2011.0,Action Crime Mystery,7.6,9380
2101,movie,Tuntematon sotilas,2017.0,Drama War,7.8,9349
2104,movie,Submarino,2010.0,Drama,7.5,9342
2105,movie,An Honest Liar,2014.0,Biography Comedy Documentary,7.5,9338
2108,movie,Life and a Day,2016.0,Drama,8.2,9331
2113,movie,The Devil and Daniel Johnston,2005.0,Biography Documentary Music,7.9,9285
2115,movie,Super Deluxe,2019.0,Comedy Crime Drama,8.4,9266
2116,movie,Ivy,2015.0,Drama Fantasy Thriller,8.1,9254
2117,movie,Armadillo,2010.0,Documentary War,7.5,9254
2120,movie,Paradise Lost 3: Purgatory,2011.0,Crime Documentary,8.1,9221
2122,movie,That Sugar Film,2014.0,Documentary,7.5,9219
2123,movie,You Are the Apple of My Eye,2011.0,Comedy Drama Romance,7.6,9219
2125,movie,Survive Style 5+,2004.0,Fantasy Mystery Romance,7.6,9208
2138,movie,When You're Strange,2009.0,Documentary Music,7.7,9114
2142,movie,The First Day of the Rest of Your Life,2008.0,Drama,7.6,9084
2143,movie,Thou Gild'st the Even,2013.0,Drama Fantasy Romance,7.9,9079
2144,movie,In the Name of God,2007.0,Drama,8.4,9069
2150,movie,Oceans,2009.0,Documentary,7.8,9044
2154,movie,Everything About Mustafa,2004.0,Drama Thriller,7.6,9025
2158,movie,Dirty Wars,2013.0,Crime Documentary History,7.5,8986
2159,movie,Day of the Wacko,2002.0,Comedy Drama Romance,8.1,8966
2160,movie,Tupac: Resurrection,2003.0,Biography Documentary Music,7.9,8956
2161,movie,The Son,2002.0,Drama Mystery,7.6,8953
2164,movie,Fortress of War,2010.0,Action Drama History,7.5,8937
2166,movie,Tokyo Sonata,2008.0,Drama,7.5,8906
2174,movie,Nannaku Prematho,2016.0,Action Drama Thriller,7.6,8826
2176,movie,The Trap,2007.0,Crime Drama Thriller,7.9,8823
2177,movie,Zero Days,2016.0,Documentary,7.8,8809
2180,movie,System Crasher,2019.0,Drama,7.8,8796
2181,movie,Soodhu Kavvum,2013.0,Comedy Crime Thriller,8.3,8792
2185,movie,And Then We Danced,2019.0,Drama Romance,7.8,8745
2196,movie,Berserk: The Golden Age Arc II - The Battle for Doldrey,2012.0,Action Adventure Animation,7.8,8692
2197,movie,The Tashkent Files,2019.0,Drama Mystery Thriller,7.8,8688
2202,movie,Twin Peaks: The Missing Pieces,2014.0,Drama Horror Mystery,7.7,8670
2203,movie,Whisper If I Forget,2014.0,Drama Music Romance,7.5,8670
2210,movie,Aftershock,2010.0,Drama History,7.5,8621
2212,movie,In This Corner of the World,2016.0,Animation Drama Family,7.8,8613
2218,movie,Requiem for the American Dream,2015.0,Biography Documentary News,8.1,8579
2220,movie,Rurouni Kenshin Part III: The Legend Ends,2014.0,Action Adventure Drama,7.6,8577
2221,movie,The Square,2013.0,Documentary Drama History,8.1,8576
2223,movie,Bol,2011.0,Drama,8.2,8558
2225,movie,Muhammad: The Messenger of God,2015.0,Biography Drama History,7.5,8555
2229,movie,For Sama,2019.0,Documentary War,8.5,8531
2230,movie,Frozen Stiff,2002.0,Comedy Drama,8.4,8514
2232,movie,Kumbalangi Nights,2019.0,Comedy Drama Romance,8.6,8513
2236,movie,Bommarillu,2006.0,Comedy Drama Romance,8.2,8482
2245,movie,"Fat, Sick & Nearly Dead",2010.0,Documentary,7.5,8430
2249,movie,Okkadu,2003.0,Action Romance Sport,8.0,8407
2258,movie,Mind Game,2004.0,Adventure Animation Comedy,7.8,8321
2259,movie,Pariyerum Perumal,2018.0,Drama,8.7,8310
2261,movie,Boruto: Naruto The Movie,2015.0,Action Adventure Animation,7.9,8287
2262,movie,Ballon,2018.0,Drama History Thriller,7.5,8281
2263,movie,Waste Land,2010.0,Documentary,7.9,8279
2264,movie,Chasing Ice,2012.0,Biography Documentary,7.8,8275
2266,movie,The Classic,2003.0,Drama Romance,7.8,8262
2269,movie,A Twelve-Year Night,2018.0,Biography Crime Drama,7.6,8244
2270,movie,Liza the Fox-Fairy,2015.0,Comedy Fantasy Romance,7.6,8244
2271,movie,Berserk: The Golden Age Arc III - The Advent,2013.0,Action Adventure Animation,7.9,8232
2276,movie,Always,2011.0,Action Drama Romance,7.8,8214
2285,movie,Oasis,2002.0,Drama Romance,7.9,8166
2288,movie,The Third Half,2012.0,Drama History Romance,7.7,8153
2293,movie,No End in Sight,2007.0,Documentary War,8.2,8139
2295,movie,Ab Tak Chhappan,2004.0,Action Crime Drama,7.8,8130
2299,movie,Khaleja,2010.0,Action Comedy Fantasy,7.5,8107
2302,movie,The Five Obstructions,2003.0,Documentary,7.5,8081
2305,movie,Sound of Metal,2019.0,Drama Music,7.8,8072
2306,movie,The Phantom of the Opera at the Royal Albert Hall,2011.0,Drama Music Musical,8.8,8071
2310,movie,Ghilli,2004.0,Action Romance,7.6,8038
2311,movie,Custody,2017.0,Drama,7.5,8035
2313,movie,El infierno,2010.0,Action Comedy Crime,7.8,7990
2319,movie,Metro Manila,2013.0,Crime Drama,7.6,7941
2324,movie,Simon,2004.0,Comedy Drama,7.9,7919
2326,movie,See You Up There,2017.0,Comedy Crime Drama,7.5,7896
2331,movie,All About Lily Chou-Chou,2001.0,Crime Drama Music,7.6,7880
2332,movie,Uppi 2,2015.0,Action Mystery Thriller,8.0,7876
2335,movie,The Class of '92,2013.0,Documentary Sport,8.0,7856
2338,movie,Bus 174,2002.0,Crime Documentary,7.8,7846
2339,movie,The Blue Elephant 2,2019.0,Crime Drama Horror,8.2,7843
2341,movie,Sigur Rós: Heima,2007.0,Documentary Music,8.5,7833
2343,movie,Baran,2001.0,Drama Romance,7.8,7812
2344,movie,The Music Never Stopped,2011.0,Drama Music,7.5,7804
2347,movie,The Dance of Reality,2013.0,Biography Drama Fantasy,7.5,7787
2348,movie,Goodachari,2018.0,Action Thriller,7.8,7784
2352,movie,To Be and to Have,2002.0,Documentary Family,7.8,7759
2353,movie,Lemmy,2010.0,Biography Documentary Music,7.8,7754
2359,movie,Jersey,2019.0,Drama Sport,8.5,7732
2360,movie,Tim's Vermeer,2013.0,Documentary History,7.9,7731
2362,movie,Happy People: A Year in the Taiga,2010.0,Documentary,7.7,7723
2365,movie,Pocket Hercules: Naim Süleymanoglu,2019.0,Biography Drama Sport,8.4,7705
2370,movie,Minding the Gap,2018.0,Documentary,8.1,7673
2376,movie,Secret,2007.0,Drama Fantasy Music,7.5,7644
2380,movie,The Union: The Business Behind Getting High,2007.0,Documentary,8.2,7613
2383,movie,The Music Man,2007.0,Drama Musical Romance,7.5,7609
2385,movie,Out in the Dark,2012.0,Crime Drama Romance,7.5,7581
2386,movie,Sachin - A Billion Dreams,2017.0,Documentary Sport,8.6,7576
2391,movie,The Art of Flight,2011.0,Adventure Documentary Sport,8.2,7566
2392,movie,Pearl Jam Twenty,2011.0,Documentary History Music,8.3,7566
2395,movie,Chaar Sahibzaade,2014.0,Animation History,7.9,7556
2398,movie,A Town Called Panic,2009.0,Adventure Animation Comedy,7.5,7551
2400,movie,Charlie,2015.0,Drama Musical Thriller,7.9,7545
2401,movie,The Whiskey Bandit,2017.0,Action Biography Crime,7.5,7544
2402,movie,Gonzo,2008.0,Biography Documentary Music,7.7,7543
2405,movie,Human,2015.0,Documentary,8.7,7528
2409,movie,The Banishment,2007.0,Drama Romance,7.6,7512
2414,movie,Samsara,2001.0,Adventure Drama Romance,7.8,7502
2417,movie,California Dreamin',2007.0,Comedy Drama War,7.8,7497
2419,movie,The Other Me,2016.0,Crime Drama Mystery,7.9,7494
2420,movie,Racing Extinction,2015.0,Adventure Documentary News,8.3,7492
2422,movie,Sonchiriya,2019.0,Action Crime Drama,7.9,7465
2426,movie,Active Measures,2018.0,Documentary,7.9,7440
2432,movie,Bliss,2007.0,Drama,7.5,7411
2440,movie,A Peck on the Cheek,2002.0,Action Drama War,8.4,7374
2446,movie,In My Father's Den,2004.0,Drama Mystery Thriller,7.5,7332
2449,movie,Visaaranai,2015.0,Crime Drama Thriller,8.5,7313
2452,movie,Rehnaa Hai Terre Dil Mein,2001.0,Musical Romance,7.5,7304
2456,movie,The Cuckoo,2002.0,Comedy Drama War,7.8,7269
2457,movie,Tower,2016.0,Animation Crime Documentary,8.0,7258
2463,movie,Innocent Voices,2004.0,Drama Thriller War,7.9,7237
2484,movie,Manorama: Six Feet Under,2007.0,Crime Drama Mystery,7.6,7130
2492,movie,Who Killed Captain Alex?,2010.0,Action Comedy Crime,8.2,7111
2499,movie,Welcome,2009.0,Drama,7.5,7091
2514,movie,Secret Sunshine,2007.0,Drama,7.5,6977
2516,movie,Listen to Me Marlon,2015.0,Biography Documentary,8.2,6970
2518,movie,Lucifer,2019.0,Action Crime Drama,7.5,6961
2524,movie,The Central Park Five,2012.0,Crime Documentary History,7.7,6926
2526,movie,The Sky Is Pink,2019.0,Drama Romance,7.5,6918
2536,movie,Vedam,2010.0,Action Drama,8.1,6857
2538,movie,Robin Williams: Come Inside My Mind,2018.0,Biography Comedy Documentary,8.0,6845
2540,movie,Pizza,2012.0,Horror Thriller,8.0,6839
2542,movie,Aravindha Sametha,2018.0,Action Drama,7.6,6830
2546,movie,Third Star,2010.0,Drama,7.5,6806
2549,movie,Ten,2002.0,Drama,7.5,6793
2552,movie,The Fear of 13,2015.0,Biography Crime Documentary,7.6,6778
2555,movie,Ek Hasina Thi,2004.0,Crime Drama Mystery,7.5,6763
2557,movie,Behind the Sun,2001.0,Drama,7.6,6751
2558,movie,Love on a Leash,2011.0,Comedy Drama Fantasy,9.1,6749
2563,movie,Being Elmo: A Puppeteer's Journey,2011.0,Documentary,7.6,6731
2564,movie,Undefeated,2011.0,Documentary Sport,7.7,6728
2565,movie,Ulidavaru Kandanthe,2014.0,Crime Drama Thriller,8.4,6716
2566,movie,12 and Holding,2005.0,Drama,7.5,6703
2577,movie,Aloko Udapadi,2017.0,Drama History,9.0,6642
2579,movie,Collapse,2009.0,Documentary,7.7,6639
2581,movie,Vettaiyaadu Vilaiyaadu,2006.0,Action Crime Thriller,7.9,6630
2583,movie,Ship of Theseus,2012.0,Drama,8.0,6625
2584,movie,See You in Montevideo,2014.0,Adventure Biography Comedy,8.2,6610
2585,movie,Maheshinte Prathikaaram,2016.0,Comedy Drama Thriller,8.3,6610
2586,movie,Welcome to Dongmakgol,2005.0,Comedy Drama War,7.7,6608
2587,movie,How to Make Money Selling Drugs,2012.0,Crime Documentary,7.6,6605
2588,movie,Dudes,2001.0,Comedy,7.9,6603
2589,movie,No Mercy,2010.0,Action Crime Thriller,7.5,6602
2590,movie,Red Army,2014.0,Biography Documentary History,7.6,6598
2591,movie,Inequality for All,2013.0,Documentary,8.0,6597
2593,movie,Cyborgs: Heroes Never Die,2017.0,Action Drama War,7.9,6595
2597,movie,Warriors of the Rainbow: Seediq Bale I,2011.0,Action Drama History,7.5,6583
2598,movie,The True Cost,2015.0,Documentary Drama News,7.7,6578
2602,movie,The Invisible War,2012.0,Crime Documentary,7.6,6568
2607,movie,Athlete A,2020.0,Crime Documentary Sport,7.7,6556
2609,movie,Just 6.5,2019.0,Action Crime Drama,7.9,6549
2612,movie,I Want to Eat Your Pancreas,2018.0,Animation Drama Family,7.9,6535
2613,movie,In Bloom,2013.0,Drama,7.6,6532
2614,movie,In the Shadow of the Moon,2007.0,Documentary History,8.0,6530
2622,movie,Graves End,2005.0,Mystery Thriller,8.8,6505
2625,movie,Bhavesh Joshi Superhero,2018.0,Action Drama,7.6,6481
2629,movie,The Brawler,2017.0,Action Drama Sport,8.0,6466
2633,movie,Undertow,2009.0,Drama Fantasy Romance,7.7,6434
2642,movie,Memories of Matsuko,2006.0,Comedy Drama Musical,7.8,6389
2647,movie,De Marathon,2012.0,Comedy Drama Sport,7.5,6377
2650,movie,Agent Sai Srinivasa Athreya,2019.0,Action Comedy Crime,8.4,6343
2652,movie,Little England,2013.0,Drama Romance,7.8,6320
2654,movie,Aferim!,2015.0,Adventure Comedy Drama,7.6,6313
2655,movie,McQueen,2018.0,Biography Documentary,7.8,6301
2656,movie,Steins Gate the Movie: Load Region of Déjà vu,2013.0,Animation Mystery Sci-Fi,7.8,6301
2659,movie,The Pervert's Guide to Cinema,2006.0,Documentary,7.8,6281
2661,movie,Atanarjuat: The Fast Runner,2001.0,Drama,7.5,6268
2665,movie,The Boy and the World,2013.0,Adventure Animation Family,7.6,6253
2667,movie,Avicii: True Stories,2017.0,Biography Documentary Music,7.6,6246
2670,movie,The Pervert's Guide to Ideology,2012.0,Documentary,7.7,6238
2674,movie,Glass Tiger,2001.0,Comedy,7.7,6224
2676,movie,My Hero Academia: Two Heroes,2018.0,Action Adventure Animation,7.5,6218
2677,movie,The Disappearance of Haruhi Suzumiya,2010.0,Animation Drama Family,8.1,6213
2685,movie,Sye Raa Narasimha Reddy,2019.0,Action Adventure Drama,7.5,6191
2688,movie,Stanley Ka Dabba,2011.0,Comedy Drama Family,7.8,6183
2690,movie,TT3D: Closer to the Edge,2011.0,Documentary Sport,8.0,6181
2691,movie,African Cats,2011.0,Adventure Documentary,7.6,6173
2693,movie,Another Round,2020.0,Comedy Drama,8.1,6166
2694,movie,The Hidden Blade,2004.0,Action Drama History,7.7,6162
2708,movie,Homecoming: A Film by Beyoncé,2019.0,Documentary Music,7.5,6099
2709,movie,Outfoxed: Rupert Murdoch's War on Journalism,2004.0,Documentary,7.5,6091
2722,movie,"Ruben Brandt, Collector",2018.0,Action Animation Crime,7.5,6056
2725,movie,Crossing the Bridge: The Sound of Istanbul,2005.0,Documentary Music,7.9,6053
2729,movie,The Professional,2003.0,Comedy Drama,8.5,6046
2734,movie,Gett,2014.0,Drama,7.7,6029
2741,movie,Dasvidaniya,2008.0,Comedy Drama,7.8,6004
2744,movie,Monpura,2009.0,Crime Drama Musical,8.6,5984
2749,movie,Dig!,2004.0,Documentary Music,7.8,5972
2751,movie,The Tunnel,2001.0,Drama History Thriller,7.7,5969
2753,movie,Masquerade,2012.0,Drama History,7.8,5956
2755,movie,Foo Fighters: Back and Forth,2011.0,Documentary Music,8.3,5946
2758,movie,The Yacoubian Building,2006.0,Drama,7.5,5940
2759,movie,Aligarh,2015.0,Biography Drama,7.8,5931
2763,movie,The Pixar Story,2007.0,Documentary,7.8,5919
2768,movie,Montage,2013.0,Drama Thriller,7.5,5904
2769,movie,Bogowie,2014.0,Biography Drama,7.7,5902
2776,movie,Memories,2013.0,Mystery Thriller,8.0,5879
2778,movie,Best of Enemies: Buckley vs. Vidal,2015.0,Biography Documentary History,7.6,5867
2783,movie,Invisible Life,2019.0,Drama,7.8,5853
2784,movie,Mumbai Meri Jaan,2008.0,Drama,7.7,5853
2792,movie,Deiji,2006.0,Drama Romance,7.5,5835
2793,movie,Any Day Now,2012.0,Drama,7.5,5830
2794,movie,Cha no aji,2004.0,Comedy Fantasy,7.7,5829
2797,movie,On Probation,2005.0,Action Comedy Crime,7.6,5822
2799,movie,One Piece: Z,2012.0,Action Adventure Animation,7.9,5812
2800,movie,Live and Become,2005.0,Drama,7.8,5811
2801,movie,Marina Abramovic: The Artist Is Present,2012.0,Biography Documentary History,7.9,5808
2810,movie,The Dark Horse,2014.0,Biography Drama,7.5,5776
2811,movie,Behzat Ç. Ankara Yaniyor,2013.0,Action Adventure Crime,7.5,5765
2817,movie,5 Broken Cameras,2011.0,Documentary War,7.9,5729
2819,movie,Mumbai Police,2013.0,Mystery Thriller,8.0,5725
2822,movie,The Border Post,2006.0,Comedy Drama,7.6,5722
2823,movie,Lisbela and the Prisoner,2003.0,Comedy Romance,7.5,5716
2824,movie,Pelli Choopulu,2016.0,Comedy Drama Romance,8.2,5715
2827,movie,The World is Big and Salvation Lurks Around the Corner,2008.0,Drama,8.0,5704
2829,movie,Papanasam,2015.0,Drama Thriller,8.4,5692
2833,movie,Dhruva,2016.0,Action Crime Thriller,7.8,5684
2834,movie,Kill Bill: The Whole Bloody Affair,2011.0,Action Crime Thriller,8.8,5684
2836,movie,Autumn,2008.0,Drama,7.8,5676
2837,movie,303,2018.0,Comedy Drama Romance,7.5,5675
2844,movie,Troubled Water,2008.0,Drama Music,7.6,5661
2845,movie,Toss-Up,2004.0,Drama,7.6,5659
2848,movie,Dor,2006.0,Drama,7.9,5653
2857,movie,"Life, Animated",2016.0,Comedy Documentary Drama,7.5,5626
2859,movie,Cherry Blossoms,2008.0,Drama Romance,7.6,5614
2862,movie,Road to Ninja - Naruto the Movie,2012.0,Action Adventure Animation,7.7,5595
2863,movie,Boats Out of Watermelon Rinds,2004.0,Comedy Drama Family,7.9,5590
2874,movie,Nil Battey Sannata,2015.0,Drama Family,8.3,5548
2877,movie,A Long Story,2012.0,Drama,7.6,5537
2879,movie,Hope,2013.0,Drama,8.3,5533
2882,movie,Ne Zha,2019.0,Action Adventure Animation,7.5,5525
2883,movie,Silent Wedding,2008.0,Comedy Drama History,7.9,5524
2884,movie,Failan,2001.0,Drama Romance,7.6,5519
2888,movie,Kaakkaa Muttai,2014.0,Comedy Drama,8.4,5486
2893,movie,Zero 2,2010.0,Comedy Thriller,7.6,5461
2895,movie,What Men Talk About,2010.0,Comedy,7.6,5455
2898,movie,Velaiyilla Pattathari,2014.0,Action Comedy Drama,7.8,5447
2906,movie,The Gatekeepers,2012.0,Documentary History War,7.6,5425
2912,movie,The Sun of Gnosis,2020.0,Comedy,7.9,5394
2915,movie,Les Misérables in Concert: The 25th Anniversary,2010.0,Drama Music Musical,8.8,5375
2917,movie,Grave Decisions,2006.0,Comedy Drama,7.5,5367
2921,movie,Darwin's Nightmare,2004.0,Documentary,7.5,5356
2931,movie,Everlasting Moments,2008.0,Drama History,7.5,5321
2932,movie,The Seven Five,2014.0,Biography Crime Documentary,7.6,5315
2942,movie,A Simple Life,2011.0,Drama,7.5,5278
2944,movie,Jallikattu,2019.0,Action Crime,7.6,5276
2953,movie,Bittersweet,2010.0,Comedy Drama,7.9,5257
2956,movie,Estomago: A Gastronomic Story,2007.0,Comedy Drama,7.8,5252
2957,movie,The Biggest Little Farm,2018.0,Documentary,8.1,5250
2960,movie,Nerkonda Paarvai,2019.0,Action Drama Thriller,8.1,5244
2963,movie,Adolf Hitler: The Greatest Story Never Told,2013.0,Biography Documentary History,7.5,5231
2969,movie,Seethamma Vakitlo Sirimalle Chettu,2013.0,Comedy Drama Family,7.5,5219
2971,movie,HyperNormalisation,2016.0,Documentary,8.3,5208
2975,movie,Rolling Thunder Revue: A Bob Dylan Story by Martin Scorsese,2019.0,Biography Documentary History,7.6,5195
2976,movie,The Inevitable Defeat of Mister & Pete,2013.0,Drama,7.5,5189
2977,movie,Iron Maiden: Flight 666,2009.0,Documentary Music,8.3,5184
2981,movie,Unnaipol Oruvan,2009.0,Crime Drama Mystery,8.0,5170
2985,movie,When We Leave,2010.0,Drama,7.5,5158
2986,movie,The House I Live In,2012.0,Documentary,7.9,5158
2987,movie,Arya,2004.0,Action Drama Romance,7.8,5156
2989,movie,Bill Cunningham: New York,2010.0,Biography Documentary History,7.9,5155
2990,movie,The Attorney,2013.0,Drama,7.7,5147
2993,movie,More Than a Game,2008.0,Biography Documentary Sport,7.6,5138
2996,movie,Legend No. 17,2013.0,Biography Drama Sport,7.5,5120
2999,movie,LA 92,2017.0,Crime Documentary History,8.2,5114
3001,movie,Tales from the Golden Age,2009.0,Comedy History,7.8,5110
3004,movie,The Yes Men Fix the World,2009.0,Comedy Documentary,7.6,5099
3007,movie,Ugramm,2014.0,Action Drama Thriller,8.1,5089
3010,movie,Sunny,2011.0,Comedy Drama,7.8,5079
3015,movie,Phas Gaye Re Obama,2010.0,Comedy Crime Drama,7.5,5069
3017,movie,Natsamrat,2016.0,Drama Family,9.0,5061
3025,movie,100 Meters,2016.0,Biography Comedy Drama,7.5,5047
3027,movie,Fate: Tales About Darkness,2001.0,Drama,7.6,5041
3030,movie,Valley Uprising,2014.0,Documentary,8.1,5039
3031,movie,Pithamagan,2003.0,Action Drama,8.4,5033
3034,movie,The Rocket,2005.0,Biography Drama Sport,7.6,5027
3040,movie,Nostalgia for the Light,2010.0,Documentary,7.6,5004
