,primaryTitle,startYear,genres,averageRating
0,Forrest Gump,1994,Drama Romance,8.8
1,Titanic,1997,Drama Romance,7.8
2,Eternal Sunshine of the Spotless Mind,2004,Drama Romance Sci-Fi,8.3
3,Good Will Hunting,1997,Drama Romance,8.3
4,Friends,1994,Comedy Romance,8.9
5,Slumdog Millionaire,2008,Drama Romance,8.0
6,The Big Bang Theory,2007,Comedy Romance,8.1
7,Amélie,2001,Comedy Romance,8.3
8,Silver Linings Playbook,2012,Comedy Drama Romance,7.7
9,Life Is Beautiful,1997,Comedy Drama Romance,8.6
10,How I Met Your Mother,2005,Comedy Romance,8.3
11,The Curious Case of Benjamin Button,2008,Drama Fantasy Romance,7.8
12,Groundhog Day,1993,Comedy Fantasy Romance,8.0
13,Her,2013,Drama Romance Sci-Fi,8.0
14,Cast Away,2000,Adventure Drama Romance,7.8
15,The Notebook,2004,Drama Romance,7.8
16,The Great Gatsby,2013,Drama Romance,7.2
17,500 Days of Summer,2009,Comedy Drama Romance,7.7
18,"Crazy, Stupid, Love",2011,Comedy Drama Romance,7.4
19,The Perks of Being a Wallflower,2012,Drama Romance,8.0
20,Edward Scissorhands,1990,Drama Fantasy Romance,7.9
21,Love Actually,2003,Comedy Drama Romance,7.6
22,The Terminal,2004,Comedy Drama Romance,7.4
23,The Theory of Everything,2014,Biography Drama Romance,7.7
24,The 40-Year-Old Virgin,2005,Comedy Romance,7.1
25,Midnight in Paris,2011,Comedy Fantasy Romance,7.7
26,Modern Family,2009,Comedy Drama Romance,8.4
27,The Fault in Our Stars,2014,Drama Romance,7.7
28,A Star Is Born,2018,Drama Music Romance,7.6
29,Brokeback Mountain,2005,Drama Romance,7.7
30,Up in the Air,2009,Comedy Drama Romance,7.4
31,Moonrise Kingdom,2012,Comedy Drama Romance,7.8
32,50/50,2011,Comedy Drama Romance,7.6
33,10 Things I Hate About You,1999,Comedy Drama Romance,7.3
34,There's Something About Mary,1998,Comedy Romance,7.1
35,Pitch Perfect,2012,Comedy Music Romance,7.1
36,As Good as It Gets,1997,Comedy Drama Romance,7.7
37,Notting Hill,1999,Comedy Drama Romance,7.1
38,Before Sunrise,1995,Drama Romance,8.1
39,Moulin Rouge!,2001,Drama Musical Romance,7.6
40,Forgetting Sarah Marshall,2008,Comedy Drama Romance,7.1
41,Pride & Prejudice,2005,Drama Romance,7.8
42,Annie Hall,1977,Comedy Romance,8.0
43,Atonement,2007,Drama Mystery Romance,7.8
44,Grey's Anatomy,2005,Drama Romance,7.6
45,Jerry Maguire,1996,Comedy Drama Romance,7.3
46,Vicky Cristina Barcelona,2008,Comedy Drama Romance,7.1
47,Marriage Story,2019,Comedy Drama Romance,8.0
48,Grease,1978,Musical Romance,7.2
49,Before Sunset,2004,Drama Romance,8.1
50,The Artist,2011,Comedy Drama Romance,7.9
51,The Reader,2008,Drama Romance,7.6
52,The Fountain,2006,Drama Mystery Romance,7.2
53,The Lobster,2015,Comedy Drama Romance,7.2
54,Mr. Nobody,2009,Drama Fantasy Romance,7.8
55,Meet Joe Black,1998,Drama Fantasy Romance,7.2
56,Call Me by Your Name,2017,Drama Romance,7.9
57,Once Upon a Time,2011,Adventure Fantasy Romance,7.7
58,Garden State,2004,Comedy Drama Romance,7.4
59,Me Before You,2016,Drama Romance,7.4
60,True Romance,1993,Crime Drama Romance,7.9
61,Match Point,2005,Drama Romance Thriller,7.6
62,Closer,2004,Drama Romance,7.2
63,A Walk to Remember,2002,Drama Romance,7.4
64,Ghost,1990,Drama Fantasy Romance,7.1
65,Revolutionary Road,2008,Drama Romance,7.3
66,When Harry Met Sally...,1989,Comedy Drama Romance,7.6
67,The Secret in Their Eyes,2009,Drama Mystery Romance,8.2
68,Blue Valentine,2010,Drama Romance,7.4
69,Sideways,2004,Comedy Drama Romance,7.5
70,The English Patient,1996,Drama Romance War,7.4
71,Chocolat,2000,Drama Romance,7.2
72,Rushmore,1998,Comedy Drama Romance,7.7
73,The Danish Girl,2015,Biography Drama Romance,7.1
74,Downton Abbey,2010,Drama Romance,8.7
75,"Definitely, Maybe",2008,Comedy Drama Romance,7.1
76,The Age of Adaline,2015,Drama Fantasy Romance,7.2
77,That '70s Show,1998,Comedy Romance,8.1
78,Gossip Girl,2007,Drama Romance,7.4
79,Pretty Little Liars,2010,Drama Mystery Romance,7.4
80,Legends of the Fall,1994,Drama Romance War,7.5
81,Punch-Drunk Love,2002,Comedy Drama Romance,7.3
82,The Spectacular Now,2013,Comedy Drama Romance,7.1
83,The Virgin Suicides,1999,Drama Romance,7.2
84,Allied,2016,Action Drama Romance,7.1
85,The Time Traveler's Wife,2009,Drama Fantasy Romance,7.1
86,Before Midnight,2013,Drama Romance,7.9
87,Four Weddings and a Funeral,1994,Comedy Drama Romance,7.1
88,You,2018,Crime Drama Romance,7.7
89,Blue Is the Warmest Colour,2013,Drama Romance,7.7
90,Memoirs of a Geisha,2005,Drama Romance,7.4
91,Remember Me,2010,Drama Romance,7.1
92,Lars and the Real Girl,2007,Comedy Drama Romance,7.3
93,Good Bye Lenin!,2003,Comedy Drama Romance,7.7
94,Never Let Me Go,2010,Drama Romance Sci-Fi,7.1
95,Little Women,2019,Drama Romance,7.8
96,It's Kind of a Funny Story,2010,Comedy Drama Romance,7.1
97,Chasing Amy,1997,Comedy Drama Romance,7.2
98,The Constant Gardener,2005,Drama Mystery Romance,7.4
99,Manhattan,1979,Comedy Drama Romance,7.9
100,Brooklyn,2015,Drama Romance,7.5
101,A Bronx Tale,1993,Crime Drama Romance,7.8
102,The Hours,2002,Drama Romance,7.5
103,In the Mood for Love,2000,Drama Romance,8.1
104,"Love, Rosie",2014,Comedy Romance,7.2
105,Outlander,2014,Drama Fantasy Romance,8.4
106,The Big Sick,2017,Comedy Drama Romance,7.5
107,The Phantom of the Opera,2004,Drama Musical Romance,7.2
108,Mallrats,1995,Comedy Romance,7.1
109,Smallville,2001,Adventure Drama Romance,7.5
110,I Origins,2014,Drama Mystery Romance,7.4
111,Carol,2015,Drama Romance,7.2
112,Leaving Las Vegas,1995,Drama Romance,7.5
113,The Handmaiden,2016,Drama Romance Thriller,8.1
114,The Dreamers,2003,Drama Romance,7.2
115,Once,2007,Drama Music Romance,7.8
116,Phantom Thread,2017,Drama Romance,7.5
117,Dil Bechara,2020,Comedy Drama Romance,7.9
118,A Single Man,2009,Drama Romance,7.6
119,Little Children,2006,Drama Romance,7.5
120,Sex and the City,1998,Comedy Drama Romance,7.1
121,Sixteen Candles,1984,Comedy Romance,7.1
122,Talk to Her,2002,Drama Mystery Romance,7.9
123,This Is Us,2016,Comedy Drama Romance,8.7
124,What Dreams May Come,1998,Drama Fantasy Romance,7.1
125,Sense and Sensibility,1995,Drama Romance,7.6
126,Tootsie,1982,Comedy Drama Romance,7.4
127,"Love, Simon",2018,Comedy Drama Romance,7.6
128,The Cider House Rules,1999,Drama Romance,7.4
129,Amour,2012,Drama Romance,7.9
130,The Best Exotic Marigold Hotel,2011,Comedy Drama Romance,7.2
131,Three Colors: Red,1994,Drama Mystery Romance,8.1
132,Malena,2000,Comedy Drama Romance,7.5
133,Election,1999,Comedy Drama Romance,7.2
134,The Painted Veil,2006,Drama Romance,7.5
135,Beginners,2010,Comedy Drama Romance,7.2
136,Biutiful,2010,Drama Romance,7.5
137,Witness,1985,Crime Drama Romance,7.4
138,Submarine,2010,Comedy Drama Romance,7.3
139,To All the Boys I've Loved Before,2018,Comedy Drama Romance,7.1
140,Crazy Heart,2009,Drama Music Romance,7.2
141,Stuck in Love.,2012,Comedy Drama Romance,7.2
142,Cashback,2006,Comedy Drama Romance,7.2
143,Say Anything,1989,Comedy Drama Romance,7.3
144,Jane Eyre,2011,Drama Romance,7.3
145,Flipped,2010,Comedy Drama Romance,7.7
146,Frida,2002,Biography Drama Romance,7.4
147,The O.C.,2003,Comedy Drama Romance,7.5
148,The Piano,1993,Drama Music Romance,7.6
149,"Spring, Summer, Fall, Winter... and Spring",2003,Drama Romance,8.0
150,The Longest Ride,2015,Drama Romance,7.1
151,Barfi!,2012,Comedy Drama Romance,8.1
152,Pride and Prejudice,1995,Drama Romance,8.8
153,Notes on a Scandal,2006,Crime Drama Romance,7.4
154,Frances Ha,2012,Comedy Drama Romance,7.5
155,The Bridges of Madison County,1995,Drama Romance,7.6
156,Out of Africa,1985,Biography Drama Romance,7.2
157,One Tree Hill,2003,Drama Romance Sport,7.7
158,Whatever Works,2009,Comedy Romance,7.1
159,A Very Long Engagement,2004,Drama Mystery Romance,7.6
160,Harold and Maude,1971,Comedy Drama Romance,7.9
161,"Paris, je t'aime",2006,Comedy Drama Romance,7.2
162,Paterson,2016,Comedy Drama Romance,7.4
163,The Tudors,2007,Drama History Romance,8.1
164,Love Me If You Dare,2003,Comedy Drama Romance,7.6
165,Open Range,2003,Action Drama Romance,7.4
166,Dil Chahta Hai,2001,Comedy Drama Romance,8.1
167,The Remains of the Day,1993,Drama Romance,7.8
168,Dangerous Liaisons,1988,Drama Romance,7.6
169,Wings of Desire,1987,Drama Fantasy Romance,8.0
170,Rust and Bone,2012,Drama Romance,7.5
171,Three Colors: White,1994,Comedy Drama Romance,7.6
172,Dilwale Dulhania Le Jayenge,1995,Drama Romance,8.1
173,Portrait of a Lady on Fire,2019,Drama Romance,8.1
174,The Legend of 1900,1998,Drama Music Romance,8.1
175,Perfect Sense,2011,Drama Romance Sci-Fi,7.1
176,The Great Debaters,2007,Biography Drama Romance,7.5
177,Benny & Joon,1993,Comedy Drama Romance,7.2
178,Big Mouth,2017,Animation Comedy Romance,8.0
179,The Age of Innocence,1993,Drama Romance,7.2
180,Days of Heaven,1978,Drama Romance,7.8
181,Victoria,2015,Crime Drama Romance,7.6
182,Little Women,1994,Drama Family Romance,7.3
183,The Light Between Oceans,2016,Drama Romance,7.2
184,Head-On,2004,Drama Romance,7.9
185,The Crying Game,1992,Crime Drama Romance,7.2
186,Will & Grace,1998,Comedy Romance,7.2
187,2046,2004,Drama Romance Sci-Fi,7.4
188,"Black Cat, White Cat",1998,Comedy Crime Romance,8.1
189,3-Iron,2004,Crime Drama Romance,8.0
190,The Lunchbox,2013,Drama Romance,7.8
191,ER,1994,Drama Romance,7.7
192,Show Me Love,1998,Comedy Drama Romance,7.5
193,Moonstruck,1987,Comedy Drama Romance,7.1
194,The Flowers of War,2011,Drama History Romance,7.6
195,Andaz Apna Apna,1994,Action Comedy Romance,8.2
196,Buffalo '66,1998,Comedy Drama Romance,7.5
197,Bull Durham,1988,Comedy Romance Sport,7.1
198,Jab We Met,2007,Comedy Drama Romance,7.9
199,Steel Magnolias,1989,Comedy Drama Romance,7.3
200,The Purple Rose of Cairo,1985,Comedy Fantasy Romance,7.7
201,A Man Called Ove,2015,Comedy Drama Romance,7.7
202,My Sassy Girl,2001,Comedy Drama Romance,8.0
203,Hart of Dixie,2011,Comedy Drama Romance,7.7
204,Much Ado About Nothing,1993,Comedy Drama Romance,7.3
205,Kabhi Khushi Kabhie Gham...,2001,Drama Musical Romance,7.4
206,Far from the Madding Crowd,2015,Drama Romance,7.1
207,Far from Heaven,2002,Drama Romance,7.3
208,Candy,2006,Drama Romance,7.2
209,"Carry On, Munna Bhai",2006,Comedy Drama Romance,8.1
210,Coupling,2000,Comedy Romance,8.5
211,Awkward.,2011,Comedy Drama Romance,7.5
212,The Last Picture Show,1971,Drama Romance,8.0
213,Sophie's Choice,1982,Drama Romance,7.6
214,Five Feet Apart,2019,Drama Romance,7.2
215,If Beale Street Could Talk,2018,Drama Romance,7.1
216,Better Off Dead...,1985,Comedy Romance,7.1
217,Vicky Donor,2012,Comedy Romance,7.8
218,A Room with a View,1985,Drama Romance,7.3
219,L'auberge espagnole,2002,Comedy Drama Romance,7.3
220,Welcome to the Sticks,2008,Comedy Romance,7.1
221,The Broken Circle Breakdown,2012,Drama Music Romance,7.7
222,Downton Abbey,2019,Drama Romance,7.4
223,In a Better World,2010,Drama Romance,7.6
224,Broken Embraces,2009,Drama Romance Thriller,7.2
225,Devdas,2002,Drama Musical Romance,7.6
226,Yeh Jawaani Hai Deewani,2013,Drama Musical Romance,7.1
227,The Railway Man,2013,Biography Drama Romance,7.1
228,"Lust, Caution",2007,Drama History Romance,7.5
229,Love,2016,Comedy Drama Romance,7.7
230,Emily in Paris,2020,Comedy Drama Romance,7.1
231,Dear Zindagi,2016,Drama Romance,7.6
232,Bitter Moon,1992,Drama Romance Thriller,7.2
233,The One I Love,2014,Comedy Drama Romance,7.1
234,Keith,2008,Drama Romance,7.4
235,Sex and Lucía,2001,Drama Romance,7.1
236,Beauty and the Beast,2012,Drama Horror Romance,7.1
237,Masters of Sex,2013,Drama Romance,7.9
238,Happy Endings,2011,Comedy Romance,7.7
239,The Garden of Words,2013,Animation Drama Romance,7.5
240,The Messenger,2009,Drama Romance War,7.1
241,The Unbearable Lightness of Being,1988,Drama Romance,7.3
242,The Guernsey Literary and Potato Peel Pie Society,2018,Drama Romance War,7.4
243,Adam,2009,Comedy Drama Romance,7.2
244,Now Is Good,2012,Drama Romance,7.1
245,Normal People,2020,Drama Romance,8.5
246,Rumble Fish,1983,Crime Drama Romance,7.2
247,Rules of Engagement,2007,Comedy Romance,7.3
248,Coming Soon,2014,Comedy Drama Romance,7.4
249,Beautiful Girls,1996,Comedy Drama Romance,7.1
250,The Cosby Show,1984,Comedy Family Romance,7.3
251,45 Years,2015,Drama Romance,7.1
252,Hotel Chevalier,2007,Drama Romance Short,7.3
253,Body Heat,1981,Crime Drama Romance,7.4
254,Fanaa,2006,Drama Romance,7.2
255,The Edukators,2004,Drama Romance,7.5
256,North & South,2004,Drama Romance,8.6
257,Raise the Red Lantern,1991,Drama History Romance,8.1
258,Raanjhanaa,2013,Drama Romance,7.6
259,Julieta,2016,Drama Mystery Romance,7.1
260,Howards End,1992,Drama Romance,7.4
261,The Pillars of the Earth,2010,Drama History Romance,8.1
262,Dev.D,2009,Drama Romance,8.0
263,Wake Up Sid,2009,Comedy Drama Romance,7.6
264,Mom,2013,Comedy Drama Romance,7.2
265,Belle,2013,Biography Drama Romance,7.3
266,Dracula,2013,Drama Horror Romance,7.4
267,Kyle XY,2006,Drama Mystery Romance,7.5
268,Weekend,2011,Drama Romance,7.6
269,Some Kind of Wonderful,1987,Drama Romance,7.1
270,I Killed My Mother,2009,Drama Romance,7.5
271,Skam,2015,Drama Romance,8.6
272,Fireworks,1997,Crime Drama Romance,7.8
273,A Brilliant Young Mind,2014,Drama Romance,7.1
274,Husbands and Wives,1992,Comedy Drama Romance,7.5
275,Heartbeats,2010,Drama Romance,7.1
276,Mohabbatein,2000,Drama Musical Romance,7.1
277,Broadcast News,1987,Comedy Drama Romance,7.2
278,Somewhere in Time,1980,Drama Fantasy Romance,7.2
279,Dil Se..,1998,Drama Romance,7.6
280,Peaceful Warrior,2006,Drama Romance Sport,7.3
281,Only Yesterday,1991,Animation Drama Romance,7.6
282,Miss Pettigrew Lives for a Day,2008,Comedy Romance,7.1
283,Fist of Fury,1972,Action Drama Romance,7.4
284,Highway,2014,Crime Drama Romance,7.6
285,Tanu Weds Manu Returns,2015,Comedy Drama Romance,7.6
286,Kabir Singh,2019,Drama Romance,7.1
287,Angels in America,2003,Drama Fantasy Romance,8.2
288,Jaane Tu,2008,Comedy Drama Romance,7.4
289,Poldark,2015,Drama History Romance,8.3
290,A Discovery of Witches,2018,Drama Fantasy Romance,8.1
291,The Little Death,2014,Comedy Drama Romance,7.1
292,Farewell My Concubine,1993,Drama Music Romance,8.1
293,God's Own Country,2017,Drama Romance,7.7
294,"Play It Again, Sam",1972,Comedy Romance,7.6
295,The Fosters,2013,Drama Romance,7.9
296,Hatfields & McCoys,2012,Drama History Romance,8.0
297,My Life Without Me,2003,Drama Romance,7.5
298,The Art of Racing in the Rain,2019,Comedy Drama Romance,7.6
299,The L Word,2004,Drama Romance,7.6
300,Before Night Falls,2000,Biography Drama Romance,7.2
301,The White Queen,2013,Drama History Romance,7.8
302,Monsoon Wedding,2001,Comedy Drama Romance,7.3
303,Spectacle,2015,Comedy Drama Romance,7.3
304,You're the Worst,2014,Comedy Drama Romance,8.1
305,Nashville,2012,Drama Music Romance,7.7
306,The Way He Looks,2014,Drama Romance,7.9
307,"I'm a Cyborg, But That's OK",2006,Comedy Drama Romance,7.1
308,Beautiful Thing,1996,Comedy Drama Romance,7.5
309,Little Manhattan,2005,Comedy Family Romance,7.5
310,Queen & Slim,2019,Crime Drama Romance,7.1
311,Switched at Birth,2011,Drama Family Romance,7.7
312,Happy Together,1997,Drama Romance,7.8
313,The Way We Were,1973,Drama Romance,7.1
314,The Twilight Samurai,2002,Drama History Romance,8.1
315,Darr,1993,Action Drama Romance,7.8
316,The Shootist,1976,Drama Romance Western,7.6
317,The Man Without a Past,2002,Comedy Drama Romance,7.7
318,A Moment to Remember,2004,Drama Romance,8.2
319,Permanent Roommates,2014,Comedy Romance,8.6
320,United States of Tara,2009,Comedy Drama Romance,7.9
321,Breaking Away,1979,Comedy Drama Romance,7.7
322,A Woman Under the Influence,1974,Drama Romance,8.2
323,Jo Jeeta Wohi Sikandar,1992,Comedy Drama Romance,8.2
324,Losers' Club,2011,Comedy Drama Romance,7.6
325,Alice Doesn't Live Here Anymore,1974,Drama Romance,7.3
326,The End of the Affair,1999,Drama Romance,7.1
327,Koi... Mil Gaya,2003,Action Drama Romance,7.1
328,Certified Copy,2010,Drama Romance,7.3
329,Shelter,2007,Drama Romance Sport,7.6
330,In July,2000,Adventure Comedy Romance,7.7
331,Dear Frankie,2004,Drama Romance,7.7
332,College Romance,2018,Comedy Drama Romance,8.9
333,Arjun Reddy,2017,Drama Romance,8.1
334,Namastey London,2007,Comedy Drama Romance,7.1
335,Lakshya,2004,Action Drama Romance,7.9
336,The Best of Youth,2003,Drama Romance,8.5
337,Together,2000,Comedy Drama Romance,7.4
338,Yi Yi,2000,Drama Romance,8.2
339,War & Peace,2016,Drama History Romance,8.2
340,Day for Night,1973,Comedy Drama Romance,8.0
341,Pyaar Ka Punchnama,2011,Comedy Drama Romance,7.6
342,Flames,2018,Comedy Drama Romance,9.2
343,The Year of Living Dangerously,1982,Drama Romance War,7.1
344,Victor Victoria,1982,Comedy Music Romance,7.6
345,A Short Film About Love,1988,Drama Romance,8.2
346,Jane Eyre,2006,Drama Romance,8.3
347,Sonu Ke Titu Ki Sweety,2018,Comedy Romance,7.1
348,Modern Love,2019,Comedy Romance,8.0
349,My So-Called Life,1994,Comedy Drama Romance,8.3
350,Bareilly Ki Barfi,2017,Comedy Romance,7.5
351,5 to 7,2014,Comedy Drama Romance,7.1
352,Ali: Fear Eats the Soul,1974,Drama Romance,8.1
353,Breathe,2017,Biography Drama Romance,7.2
354,Barfly,1987,Comedy Drama Romance,7.2
355,Queer as Folk,2000,Drama Romance,8.3
356,Brassed Off,1996,Comedy Drama Romance,7.1
357,Lantana,2001,Drama Mystery Romance,7.2
358,Eat Drink Man Woman,1994,Comedy Drama Romance,7.8
359,Love & Basketball,2000,Drama Romance Sport,7.2
360,He Loves Me... He Loves Me Not,2002,Romance Thriller,7.2
361,Çöpçüler Krali,1977,Comedy Romance,8.6
362,Laurence Anyways,2012,Drama Romance,7.7
363,96,2018,Drama Romance,8.6
364,Lovers of the Arctic Circle,1998,Drama Mystery Romance,7.7
365,Days of Being Wild,1990,Crime Drama Romance,7.6
366,Dum Laga Ke Haisha,2015,Comedy Drama Romance,7.5
367,Hanky Panky,1979,Comedy Romance,8.6
368,Betty Blue,1986,Drama Romance,7.4
369,The Ultimate Gift,2006,Drama Family Romance,7.3
370,The Child,2005,Crime Drama Romance,7.4
371,Big Night,1996,Drama Romance,7.3
372,Little House on the Prairie,1974,Drama Family Romance,7.4
373,Love Likes Coincidences,2011,Drama Romance,7.3
374,A Hidden Life,2019,Biography Drama Romance,7.4
375,Younger,2015,Comedy Romance,7.8
376,Shadowlands,1993,Biography Drama Romance,7.3
377,Brother,1997,Crime Drama Romance,8.0
378,Hum Dil De Chuke Sanam,1999,Drama Musical Romance,7.5
379,Como agua para chocolate,1992,Drama Romance,7.1
380,Premam,2015,Comedy Drama Romance,8.3
381,Star-Crossed,2014,Drama Romance Sci-Fi,7.3
382,Waves,2019,Drama Romance Sport,7.6
383,Gavin & Stacey,2007,Comedy Romance,8.1
384,Castaway on the Moon,2009,Drama Romance,8.1
385,In Your Name,2003,Action Drama Romance,7.1
386,Maurice,1987,Drama Romance,7.7
387,Bangalore Days,2014,Comedy Drama Romance,8.3
388,Much Ado About Nothing,2012,Comedy Drama Romance,7.1
389,Maudie,2016,Biography Drama Romance,7.6
390,Dangerous Beauty,1998,Biography Drama Romance,7.2
391,Looking,2014,Comedy Drama Romance,8.2
392,Starbuck,2011,Comedy Drama Romance,7.2
393,Twice Born,2012,Drama Romance War,7.4
394,Dolls,2002,Drama Romance,7.6
395,"Two Guys, a Girl and a Pizza Place",1998,Comedy Romance,7.4
396,The Man in the Moon,1991,Drama Romance,7.4
397,A Better Life,2011,Drama Romance,7.2
398,Emma,2009,Comedy Drama Romance,8.1
399,My Mad Fat Diary,2013,Comedy Drama Romance,8.4
400,Tess,1979,Drama Romance,7.3
401,The Consequences of Love,2004,Crime Drama Romance,7.5
402,Gardener,2003,Drama Romance,7.4
403,Band Baaja Baaraat,2010,Comedy Drama Romance,7.2
404,Virgin River,2019,Drama Romance,7.5
405,Atlantic City,1980,Crime Drama Romance,7.3
406,Children of a Lesser God,1986,Drama Romance,7.2
407,Café de Flore,2011,Drama Romance,7.4
408,Never Look Away,2018,Biography Drama Romance,7.7
409,Telling Tales,2015,Comedy Fantasy Romance,7.5
410,The Girl with the Red Scarf,1977,Drama Romance,8.6
411,Kibar Feyzo,1978,Comedy Romance,8.7
412,Lootera,2013,Drama Romance,7.3
413,Please Like Me,2013,Comedy Drama Romance,8.5
414,Lore,2012,Drama Romance War,7.1
415,Blue Jay,2016,Drama Romance,7.3
416,The Princess and the Warrior,2000,Drama Mystery Romance,7.5
417,The Wedding Banquet,1993,Comedy Drama Romance,7.6
418,Pyaar Ka Punchnama 2,2015,Comedy Drama Romance,7.3
419,High Heels,1991,Comedy Drama Romance,7.1
420,Faking It,2014,Comedy Drama Romance,7.4
421,Young & Hungry,2014,Comedy Drama Romance,7.4
422,Revanche,2008,Crime Drama Romance,7.5
423,The Apartment,1996,Drama Mystery Romance,7.4
424,The Tiger and the Snow,2005,Comedy Drama Romance,7.1
425,Read My Lips,2001,Crime Drama Romance,7.3
426,Summer Storm,2004,Comedy Drama Romance,7.2
427,XXY,2007,Drama Romance,7.1
428,Broken,2012,Drama Romance,7.3
429,NewsRadio,1995,Comedy Romance,7.9
430,Frantz,2016,Drama History Romance,7.5
431,Omar,2013,Crime Drama Romance,7.5
432,Girl on the Bridge,1999,Comedy Drama Romance,7.5
433,October,2018,Drama Romance,7.5
434,Mona Lisa,1986,Crime Drama Romance,7.3
435,Hungama,2003,Comedy Drama Romance,7.5
436,Sunshine,1999,Drama History Romance,7.5
437,Caramel,2007,Comedy Drama Romance,7.1
438,Video Game High School,2012,Action Romance Sci-Fi,7.6
439,Mistresses,2013,Drama Romance Thriller,7.1
440,Shaadi Mein Zaroor Aana,2017,Drama Romance,7.6
441,The Last Metro,1980,Drama Romance War,7.4
442,The Goodbye Girl,1977,Comedy Drama Romance,7.4
443,The Front Page,1974,Comedy Drama Romance,7.3
444,Doc Martin,2004,Comedy Drama Romance,8.3
445,Insecure,2016,Comedy Romance,7.9
446,Venus,2006,Comedy Drama Romance,7.1
447,Hope and Glory,1987,Comedy Drama Romance,7.3
448,The Lovers on the Bridge,1991,Drama Romance,7.6
449,The Road Home,1999,Drama History Romance,7.8
450,Get Real,1998,Comedy Drama Romance,7.5
451,Coming Home,1978,Drama Romance War,7.3
452,Snow Cake,2006,Drama Romance,7.5
453,Copenhagen,2014,Adventure Drama Romance,7.1
454,The Secret Life of Words,2005,Drama Romance,7.5
455,Climates,2006,Drama Romance,7.2
456,Ten Inch Hero,2007,Comedy Drama Romance,7.4
457,Time,2006,Drama Mystery Romance,7.2
458,Selfie,2014,Comedy Romance,7.2
459,Deutschland 83,2015,Drama Romance Thriller,8.1
460,Roja,1992,Drama Romance Thriller,8.2
461,Mother and Child,2009,Drama Romance,7.2
462,Hush Hush,1975,Comedy Drama Romance,8.3
463,Loose Cannons,2010,Comedy Drama Romance,7.3
464,Bandish Bandits,2020,Drama Romance,8.6
465,Nicholas Nickleby,2002,Adventure Drama Romance,7.1
466,Moscow Does Not Believe in Tears,1980,Comedy Drama Romance,8.1
467,Forbidden Love,2008,Drama Romance,7.4
468,Sairat,2016,Drama Romance,8.3
469,Bombay,1995,Drama Musical Romance,8.1
470,Degrassi: The Next Generation,2001,Drama Romance,7.3
471,Life in a Metro,2007,Comedy Drama Romance,7.4
472,My King,2015,Drama Romance,7.1
473,Soldier of Orange,1977,Drama Romance Thriller,7.7
474,"Ironiya sudby, ili S legkim parom!",1975,Comedy Romance,8.1
475,The Night Shift,2014,Drama Romance,7.4
476,Last Life in the Universe,2003,Comedy Drama Romance,7.5
477,The Bow,2005,Drama Romance,7.1
478,Facing Windows,2003,Drama Romance,7.3
479,Holding the Man,2015,Biography Drama Romance,7.4
480,Sense & Sensibility,2008,Drama Romance,8.0
481,Battle for Sevastopol,2015,Biography Drama Romance,7.1
482,Crash Landing on You,2019,Comedy Romance,8.7
483,Palm Trees in the Snow,2015,Drama Romance,7.4
484,The Miracle,2015,Comedy Drama Romance,7.6
485,Bella,2006,Drama Romance,7.2
486,The Wings of the Dove,1997,Drama Romance,7.1
487,From Doom Till Doom,1988,Drama Musical Romance,7.5
488,The Catch,2016,Crime Drama Romance,7.2
489,Barefoot,2005,Comedy Drama Romance,7.2
490,Saving Face,2004,Comedy Drama Romance,7.4
491,Lost in Austen,2008,Drama Fantasy Romance,7.4
492,The Wanderers,1979,Crime Drama Romance,7.4
493,Geetha Govindam,2018,Drama Romance,7.7
494,Cholera Street,1997,Crime Drama Romance,7.7
495,Dallas,2012,Drama Romance,7.1
496,Johnny Stecchino,1991,Comedy Crime Romance,7.2
497,Samantha Who?,2007,Comedy Mystery Romance,7.3
498,Turkish Delight,1973,Drama Romance,7.1
499,Gadar: Ek Prem Katha,2001,Action Drama Romance,7.2
500,Ishqiya,2010,Comedy Drama Romance,7.3
501,Fireworks Wednesday,2006,Drama Mystery Romance,7.7
502,Vaaranam Aayiram,2008,Drama Musical Romance,8.1
503,When Calls the Heart,2014,Drama Romance,8.2
504,Metropolitan,1990,Comedy Drama Romance,7.4
505,Open Hearts,2002,Drama Romance,7.5
506,Eye of the Needle,1981,Romance Thriller War,7.1
507,"North & South: Book 1, North & South",1985,Drama History Romance,8.1
508,Sanam Teri Kasam,2016,Drama Musical Romance,7.3
509,Champion,2018,Biography Drama Romance,8.3
510,Belle Epoque,1992,Comedy Drama Romance,7.1
511,Happy Accidents,2000,Comedy Romance,7.2
512,La Belle Époque,2019,Comedy Drama Romance,7.4
513,Man Seeking Woman,2015,Comedy Fantasy Romance,7.7
514,Parade's End,2012,Action Drama Romance,7.6
515,Avanti!,1972,Comedy Romance,7.2
516,Abbas in Flower,1982,Comedy Drama Romance,8.1
517,Last Night,1998,Comedy Drama Romance,7.1
518,Indochine,1992,Drama Romance War,7.1
519,You Are the Apple of My Eye,2011,Comedy Drama Romance,7.6
520,Ramy,2019,Comedy Drama Romance,8.0
521,Survive Style 5+,2004,Fantasy Mystery Romance,7.6
522,Thou Gild'st the Even,2013,Drama Fantasy Romance,7.9
523,A Small September Affair,2014,Drama Mystery Romance,7.2
524,Love Songs,2007,Drama Musical Romance,7.1
525,Bread and Tulips,2000,Comedy Romance,7.3
526,La Femme Nikita,1997,Action Drama Romance,7.5
527,The White Princess,2017,Drama History Romance,7.6
528,The Hairdresser's Husband,1990,Comedy Drama Romance,7.2
529,Day of the Wacko,2002,Comedy Drama Romance,8.1
530,Journeyman,2007,Fantasy Romance Sci-Fi,8.0
531,The Taste of Others,2000,Comedy Drama Romance,7.2
532,Un Coeur en Hiver,1992,Drama Music Romance,7.6
533,Vagabond,1985,Drama Romance,7.7
534,Fi,2017,Drama Romance,7.9
535,And Then We Danced,2019,Drama Romance,7.8
536,The Married Woman,2005,Drama Musical Romance,7.2
537,Boys Over Flowers,2009,Comedy Drama Romance,7.9
538,84 Charing Cross Road,1987,Biography Drama Romance,7.4
539,Whisper If I Forget,2014,Drama Music Romance,7.5
540,The Black Balloon,2008,Drama Romance,7.2
541,The War at Home,2005,Comedy Romance,7.5
542,Anne of Avonlea,1987,Drama Family Romance,8.4
543,The Ignorant Fairies,2001,Drama Romance,7.3
544,Kumbalangi Nights,2019,Comedy Drama Romance,8.6
545,Little Dorrit,2008,Drama Mystery Romance,8.2
546,Bommarillu,2006,Comedy Drama Romance,8.2
547,The Bitter Tears of Petra von Kant,1972,Drama Romance,7.7
548,Simple Simon,2010,Comedy Drama Romance,7.1
549,Okkadu,2003,Action Romance Sport,8.0
550,Wuthering Heights,2009,Drama Romance,7.6
551,North Sea Texas,2011,Drama Romance,7.1
552,Voices of a Distant Star,2002,Animation Drama Romance,7.2
553,Dogfight,1991,Comedy Drama Romance,7.4
554,The Classic,2003,Drama Romance,7.8
555,Made in Heaven,2019,Drama Romance,8.3
556,Liza the Fox-Fairy,2015,Comedy Fantasy Romance,7.6
557,Always,2011,Action Drama Romance,7.8
558,Oasis,2002,Drama Romance,7.9
559,Trick,1999,Comedy Music Romance,7.1
560,The Third Half,2012,Drama History Romance,7.7
561,Office Romance,1977,Comedy Drama Romance,8.3
562,Il Mare,2000,Drama Fantasy Romance,7.6
563,We Are Not Angels,1992,Comedy Fantasy Romance,8.4
564,A Million Little Things,2018,Comedy Drama Romance,7.9
565,The Thorn Birds,1983,Drama Romance,7.9
566,About a Boy,2014,Comedy Drama Romance,7.4
567,Fingersmith,2005,Crime Drama Romance,7.9
568,Ghilli,2004,Action Romance,7.6
569,Ouran High School Host Club,2006,Animation Comedy Romance,8.2
570,Men at Work,2012,Comedy Drama Romance,7.1
571,Love 101,2020,Comedy Drama Romance,7.6
572,Red Sorghum,1988,Drama History Romance,7.4
573,The Man from Snowy River,1982,Adventure Drama Romance,7.3
574,In Search of a Midnight Kiss,2007,Comedy Romance,7.2
575,Mostly Martha,2001,Comedy Drama Romance,7.2
576,The Scent of Green Papaya,1993,Drama Music Romance,7.4
577,Worlds Apart,2015,Drama Romance,7.4
578,It's Okay to Not Be Okay,2020,Comedy Drama Romance,8.8
579,Baran,2001,Drama Romance,7.8
580,Don't Move,2004,Drama Romance,7.1
581,My Name Is Joe,1998,Drama Romance,7.5
582,Dash & Lily,2020,Comedy Drama Romance,7.5
583,A Brighter Summer Day,1991,Crime Drama Romance,8.4
584,Bent,1997,Drama History Romance,7.2
585,Hababam Sinifi Dokuz Doguruyor,1978,Comedy Drama Romance,7.3
586,The Music Man,2007,Drama Musical Romance,7.5
587,Out in the Dark,2012,Crime Drama Romance,7.5
588,Togetherness,2015,Comedy Drama Romance,7.5
589,Martin,1992,Comedy Drama Romance,7.4
590,"Faraway, So Close!",1993,Drama Fantasy Romance,7.3
591,Ju Dou,1990,Drama Romance,7.6
592,Khiladi,1992,Action Mystery Romance,7.2
593,Gregory's Girl,1980,Comedy Drama Romance,7.1
594,The Banishment,2007,Drama Romance,7.6
595,Samsara,2001,Adventure Drama Romance,7.8
596,Tipping the Velvet,2002,Drama Romance,7.7
597,Mifune,1999,Comedy Drama Romance,7.1
598,The Names of Love,2010,Comedy Drama Romance,7.2
599,Pauline at the Beach,1983,Comedy Drama Romance,7.4
600,Earth,1998,Drama Romance War,7.7
601,Still Standing,2002,Comedy Romance,7.5
602,Didn't Think of It,2005,Comedy Romance,7.4
603,I'm Here,2010,Drama Romance Sci-Fi,7.8
604,I Served the King of England,2006,Comedy Drama Romance,7.4
605,The Winslow Boy,1999,Drama Romance,7.3
606,Rehnaa Hai Terre Dil Mein,2001,Musical Romance,7.5
607,Dragons Forever,1988,Action Comedy Romance,7.2
608,Love Per Square Foot,2018,Comedy Romance,7.2
609,The Woman Next Door,1981,Drama Romance,7.3
610,The Piano Player,1999,Drama Romance,7.8
611,Summer of '42,1971,Drama Romance,7.2
612,Heirs,2013,Comedy Drama Romance,7.5
613,Love Letter,1995,Drama Romance,8.0
614,Bad Blood,1986,Crime Drama Romance,7.3
615,The Taming of the Scoundrel,1980,Comedy Romance,7.7
616,Reconstruction,2003,Drama Romance,7.4
617,Shirley Valentine,1989,Comedy Drama Romance,7.2
618,Sweet Magnolias,2020,Drama Romance,7.4
619,The Kennedys,2011,Drama History Romance,7.6
620,Frances,1982,Biography Drama Romance,7.4
621,Merlí,2015,Comedy Drama Romance,8.6
622,I Don't Want to Go Back Alone,2010,Drama Romance Short,8.3
623,Looking for Alaska,2019,Drama Romance,8.1
624,The Sky Is Pink,2019,Drama Romance,7.5
625,Sanditon,2019,Drama Romance,7.8
626,Summer,1986,Drama Romance,7.7
627,Dedh Ishqiya,2014,Comedy Drama Romance,7.1
628,Endless Love,2015,Drama Romance,7.1
629,Yossi & Jagger,2002,Drama Romance War,7.1
630,Qarib Qarib Single,2017,Comedy Romance,7.1
631,Torch Song Trilogy,1988,Comedy Drama Romance,7.7
632,A Werewolf Boy,2012,Fantasy Romance,7.3
633,A Fond Kiss,2004,Drama Romance,7.1
634,Barking at the Stars,1998,Comedy Romance,8.7
635,Brideshead Revisited,1981,Drama Romance,8.5
636,Army Wives,2007,Drama Romance War,7.2
637,High Fidelity,2020,Comedy Drama Romance,7.6
638,Tabu,2012,Drama Romance,7.4
639,A Summer's Tale,1996,Comedy Drama Romance,7.6
640,"Lacombe, Lucien",1974,Drama Romance War,7.7
641,Humorously Yours,2016,Comedy Drama Romance,8.6
642,Death Comes to Pemberley,2013,Drama Mystery Romance,7.1
643,Undertow,2009,Drama Fantasy Romance,7.7
644,Lark Rise to Candleford,2008,Drama Romance,8.1
645,Emily Owens M.D.,2012,Comedy Drama Romance,7.5
646,Chloe in the Afternoon,1972,Comedy Drama Romance,7.7
647,Twin Sisters,2002,Drama Romance War,7.4
648,Home for Christmas,2019,Comedy Drama Romance,7.6
649,Little England,2013,Drama Romance,7.8
650,Les Misérables,2018,Drama History Romance,7.8
651,Camera Buff,1979,Comedy Drama Romance,7.9
652,Take My Eyes,2003,Adventure Drama Romance,7.4
653,King of Comedy,1999,Comedy Drama Romance,7.3
654,Love Life,2020,Comedy Romance,7.5
655,Proof,1991,Drama Romance,7.2
656,The Man Who Loved Women,1977,Comedy Drama Romance,7.4
657,Love for Rent,2015,Comedy Romance,7.1
658,Love on the Run,1979,Comedy Drama Romance,7.1
659,Ariel,1988,Comedy Crime Romance,7.5
660,Aimee & Jaguar,1999,Biography Drama Romance,7.2
661,Harrison's Flowers,2000,Drama Romance War,7.1
662,Burnt Money,2000,Crime Drama Romance,7.2
663,Popular,1999,Comedy Drama Romance,7.3
664,Silent Light,2007,Drama Romance,7.2
665,The Count of Monte Cristo,1998,Adventure Drama Romance,7.9
666,Eyes Wide Open,2009,Drama Romance,7.3
667,W,2016,Drama Fantasy Romance,8.1
668,"Love, Victor",2020,Comedy Drama Romance,8.1
669,Monsieur Hire,1989,Crime Drama Romance,7.6
670,The Emperor and the Assassin,1998,Drama History Romance,7.2
671,Beloved,1991,Drama Musical Romance,7.2
672,Leto,2018,Biography Music Romance,7.3
673,The Glass Agency,1998,Action Drama Romance,7.9
674,The Hammer,2007,Comedy Romance Sport,7.2
675,Lilting,2014,Drama Romance,7.2
676,Deiji,2006,Drama Romance,7.5
677,Soap,1977,Comedy Drama Romance,8.1
678,Sekerpare,1983,Comedy History Romance,8.0
679,Sirens,2014,Comedy Family Romance,7.8
680,I Hired a Contract Killer,1990,Comedy Drama Romance,7.2
681,Lisbela and the Prisoner,2003,Comedy Romance,7.5
682,Pelli Choopulu,2016,Comedy Drama Romance,8.2
683,Tess of the D'Urbervilles,2008,Drama Romance,7.7
684,303,2018,Comedy Drama Romance,7.5
685,Fire,1996,Drama Romance,7.2
686,Flirting,1991,Drama Romance,7.2
687,The King: Eternal Monarch,2020,Fantasy Mystery Romance,8.3
688,Do You Remember Dolly Bell?,1981,Comedy Drama Romance,7.7
689,The Horseman on the Roof,1995,Adventure Drama Romance,7.1
690,The Waltons,1972,Drama Family Romance,7.6
691,Twelfth Night,1996,Comedy Drama Romance,7.2
692,Cherry Blossoms,2008,Drama Romance,7.6
693,"Same Time, Next Year",1978,Comedy Drama Romance,7.2
694,Being 17,2016,Drama Romance,7.1
695,Chasing Life,2014,Drama Family Romance,7.8
696,Failan,2001,Drama Romance,7.6
697,Dark Blue World,2001,Action Drama Romance,7.2
698,Dear Comrade,2019,Action Drama Romance,7.3
699,Mixology,2013,Comedy Romance,7.3
700,Birdsong,2012,Drama History Romance,7.4
701,Coming Home,2014,Drama Romance,7.2
702,My First Mister,2001,Comedy Drama Romance,7.1
703,What's Wrong with Secretary Kim,2018,Comedy Mystery Romance,8.1
704,The Bubble,2006,Comedy Drama Romance,7.3
705,The Beauty Inside,2015,Drama Romance,7.4
706,À Nos Amours,1983,Drama Romance,7.3
707,We Are Travelers on the Path of Love,1993,Comedy Drama Romance,7.4
708,Strawberry and Chocolate,1993,Comedy Drama Romance,7.4
709,Mutlu Ol Yeter,2015,Comedy Drama Romance,8.4
710,The Widow of Saint-Pierre,2000,Drama History Romance,7.1
711,A Little Romance,1979,Adventure Comedy Romance,7.5
712,Empire Falls,2005,Drama Romance,7.3
713,Tito and Me,1992,Comedy Drama Romance,8.0
714,My Little Bride,2004,Comedy Drama Romance,7.1
715,Longtime Companion,1989,Drama Romance,7.6
716,Lola,1981,Drama Romance,7.5
717,Raising Victor Vargas,2002,Drama Romance,7.2
718,An Affair of Love,1999,Drama Romance,7.1
719,The Forsyte Saga,2002,Drama Romance,8.1
720,Fox and His Friends,1975,Crime Drama Romance,7.7
721,Itaewon Class,2020,Drama Romance,8.2
722,Arya,2004,Action Drama Romance,7.8
723,Men in Trees,2006,Comedy Drama Romance,7.2
724,Alai Payuthey,2000,Drama Musical Romance,8.3
725,Legend of the Blue Sea,2016,Comedy Fantasy Romance,8.1
726,A Scene at the Sea,1991,Comedy Drama Romance,7.5
727,Elvis and Anabelle,2007,Drama Romance,7.2
728,Last Tango in Halifax,2012,Comedy Drama Romance,8.3
729,Tropical Malady,2004,Drama Fantasy Romance,7.2
730,Damnation,1988,Crime Drama Romance,7.8
731,The Go-Between,1971,Drama Romance,7.3
732,A New Leaf,1971,Comedy Romance,7.4
733,Mon oncle d'Amérique,1980,Comedy Drama Romance,7.8
734,La Vie de Bohème,1992,Comedy Drama Romance,7.7
735,Velvet,2013,Adventure Drama Romance,8.1
736,"Comrades, Almost a Love Story",1996,Drama Romance,8.1
737,The Mother and the Whore,1973,Drama Romance,8.0
738,"North & South: Book 2, Love & War",1986,Drama History Romance,8.1
739,A Millionaire's First Love,2006,Comedy Drama Romance,7.3
740,Ask Laftan Anlamaz,2016,Comedy Romance,7.5
741,Center of My World,2016,Drama Romance,7.2
742,Mother Night,1996,Drama Romance War,7.1
743,Pimp,2018,Crime Drama Romance,7.7
744,The Red Colored Grey Truck,2004,Adventure Comedy Romance,7.4
745,Dinner Rush,2000,Crime Drama Romance,7.3
746,The Follow,2001,Action Mystery Romance,7.3
747,Doctor Zhivago,2002,Drama Romance,7.4
748,The Elusive Summer of '68,1984,Comedy Drama Romance,8.6
749,Maid Sama!,2010,Animation Comedy Romance,8.0
750,OK Kanmani,2015,Romance,7.4
751,Two English Girls,1971,Drama Romance,7.3
752,McLeod's Daughters,2001,Drama Romance Western,7.2
753,The Unbelievable Truth,1989,Comedy Drama Romance,7.3
754,Pee Mak,2013,Comedy Horror Romance,7.3
755,The Star Maker,1995,Drama Romance,7.4
756,Shadows in Paradise,1986,Comedy Drama Romance,7.5
757,City Hunter,2011,Action Romance Thriller,8.2
758,Vinnaithaandi Varuvaayaa,2010,Drama Romance,8.0
759,Wild Hearts Can't Be Broken,1991,Drama Family Romance,7.3
760,Erkenci Kus,2018,Comedy Romance,7.3
761,Pinocchio,2014,Drama Romance,8.1
762,South of Nowhere,2005,Drama Romance,7.9
763,Germinal,1993,Drama Romance,7.1
764,Eyewitness,2016,Crime Mystery Romance,7.7
765,My Boys,2006,Comedy Romance,7.3
766,No Tomorrow,2016,Comedy Drama Romance,7.2
767,An Unmarried Woman,1978,Comedy Drama Romance,7.1
768,The Geographer Drank His Globe Away,2013,Adventure Drama Romance,7.3
769,Black and White Love,2017,Action Drama Romance,8.1
770,A Little Thing Called Love,2010,Comedy Romance,7.6
771,Kitchen Confidential,2005,Comedy Romance,8.1
772,Millennium Mambo,2001,Drama Romance,7.1
773,Ennu Ninte Moideen,2015,Biography Drama Romance,8.0
774,Fleming,2014,Biography Drama Romance,7.3
775,What Time Is It There?,2001,Drama Romance,7.3
776,Ohm Shanthi Oshaana,2014,Comedy Romance,7.7
777,The Class,2006,Comedy Romance,7.7
778,Holocaust,1978,Drama History Romance,8.0
779,Heartstone,2016,Drama Romance,7.4
780,El Sur,1983,Drama Romance,7.9
781,The Company,2007,Drama History Romance,7.8
782,Weightlifting Fairy Kim Bok-Joo,2016,Comedy Romance,8.4
783,Our Times,2015,Comedy Romance,7.4
784,Autumn Tale,1998,Comedy Drama Romance,7.5
785,Hipsters,2008,Drama Musical Romance,7.1
786,Be with You,2004,Drama Fantasy Romance,7.9
787,Daniel Deronda,2002,Drama History Romance,7.2
788,Hawaii,2013,Drama Romance,7.2
789,Flirting Scholar,1993,Comedy Romance,7.6
790,Brides,2004,Drama Romance,7.6
791,Signs,2008,Romance Short,8.1
792,The First Grader,2010,Biography Drama Romance,7.4
793,Sadece Sen,2014,Action Drama Romance,7.3
794,For the Bible Tells Me So,2007,Documentary Romance,7.8
795,10 timer til Paradis,2012,Drama Romance,7.1
796,Vanya on 42nd Street,1994,Comedy Drama Romance,7.4
797,Winter Sleepers,1997,Drama Romance Thriller,7.1
798,Trilogy: The Weeping Meadow,2004,Drama History Romance,7.9
799,Balzac and the Little Chinese Seamstress,2002,Biography Drama Romance,7.2
800,For a Lost Soldier,1992,Drama Romance War,7.5
801,Raja Rani,2013,Comedy Drama Romance,7.6
802,The Mudge Boy,2003,Crime Drama Romance,7.1
803,Kannum Kannum Kollaiyadithaal,2020,Drama Romance Thriller,7.7
804,Howards End,2017,Drama Romance,7.3
805,October Road,2007,Comedy Drama Romance,7.4
806,Love & Anarchy,2020,Comedy Drama Romance,7.3
807,Suzhou River,2000,Drama Romance,7.4
808,Boy Meets Girl,2014,Comedy Drama Romance,7.1
809,3,2012,Drama Mystery Romance,7.2
810,Validation,2007,Comedy Romance Short,8.2
811,Little Things,2016,Comedy Romance,8.2
812,Cooley High,1975,Comedy Drama Romance,7.2
813,Valentin,2002,Comedy Drama Romance,7.6
814,ImMATURE,2019,Comedy Drama Romance,8.8
815,Big Eden,2000,Comedy Drama Romance,7.3
816,Firelight,1997,Drama Romance,7.2
817,Minnie and Moskowitz,1971,Comedy Drama Romance,7.3
818,The 1st Shop of Coffee Prince,2007,Comedy Drama Romance,8.2
819,Brave and Beautiful,2016,Crime Drama Romance,7.1
820,Love and Doves,1985,Comedy Romance,8.1
821,Guilty Crown,2011,Action Animation Romance,7.1
822,Feel Good,2020,Comedy Drama Romance,7.5
823,Simple Men,1992,Crime Drama Romance,7.2
824,Raincoat,2004,Drama Romance,7.6
825,Conversation Piece,1974,Drama Romance,7.5
826,The Happiest Day in the Life of Olli Maki,2016,Biography Drama Romance,7.2
827,No End,1985,Drama Romance,7.5
828,Inadequate People,2010,Comedy Drama Romance,7.4
829,The Cakemaker,2017,Drama Romance,7.2
830,Mr & Mme Adelman,2017,Comedy Drama Romance,7.3
831,Letters to Santa,2011,Comedy Romance,7.1
832,Ah Nerede,1975,Comedy Romance,7.6
833,Four Weddings and a Funeral,2019,Comedy Romance,7.2
834,Khushi,2001,Drama Romance,8.0
835,Kuch Rang Pyar Ke Aise Bhi,2016,Drama Romance,8.7
836,George Lucas in Love,1999,Comedy Romance Short,7.5
837,"Moscow, Belgium",2008,Comedy Drama Romance,7.2
838,Cold Feet,1997,Comedy Drama Romance,8.2
839,4 Moons,2014,Drama Romance,7.5
840,Story of Women,1988,Drama Romance,7.5
841,Love Jones,1997,Drama Romance,7.5
842,Love in Thoughts,2004,Drama Romance,7.1
843,Sugar Rush,2005,Drama Romance,7.7
844,Be With You,2018,Drama Fantasy Romance,7.7
845,Happy Times,2000,Comedy Drama Romance,7.4
846,In the Heat of the Sun,1994,Drama Romance,8.2
847,Hana and Alice,2004,Comedy Drama Romance,7.3
848,Good Trouble,2019,Comedy Drama Romance,7.5
849,The Night of the Shooting Stars,1982,Drama Fantasy Romance,7.4
850,A Frozen Flower,2008,Drama History Romance,7.1
851,As Time Goes By,1992,Comedy Romance,8.2
852,Inek Saban,1978,Comedy Family Romance,7.6
853,My Brilliant Career,1979,Biography Drama Romance,7.1
854,You Are Not Alone,1978,Drama Romance,7.1
855,Rak haeng Siam,2007,Drama Mystery Romance,7.8
856,Full Moon in Paris,1984,Comedy Drama Romance,7.5
857,Wounded Love,2016,Drama History Romance,8.2
858,Boyfriends and Girlfriends,1987,Comedy Drama Romance,7.6
859,Master i Margarita,2005,Drama Mystery Romance,7.5
860,Murari,2001,Drama Romance Thriller,7.8
861,Chhoti Si Baat,1976,Comedy Romance,8.3
862,Dia,2020,Drama Romance,8.2
863,Dokunmayin Sabanima,1979,Comedy Romance,7.3
864,The Warden,2019,Drama Mystery Romance,7.4
865,A Tale of Springtime,1990,Comedy Drama Romance,7.3
866,"Kill Me, Heal Me",2015,Comedy Drama Romance,8.3
867,The Trip,2002,Comedy Drama Romance,7.1
868,Kings & Queen,2004,Comedy Drama Romance,7.1
869,The Winds of War,1983,Drama Romance War,8.1
870,Sweet Land,2005,Drama Romance,7.1
871,Dear Ex,2018,Comedy Drama Romance,7.3
872,Earth,1996,Drama Romance,7.3
873,Love.net,2011,Drama Romance,7.4
874,Kaguya-sama: Love is War,2019,Animation Comedy Romance,8.3
875,Lili Marleen,1981,Drama Music Romance,7.1
876,Afonya,1975,Comedy Drama Romance,7.9
877,Being Mary Jane,2013,Drama Romance Thriller,7.5
878,Burning Love,2012,Comedy Romance,8.0
879,West Beirut,1998,Comedy Drama Romance,7.7
880,Naanum Rowdy Thaan,2015,Action Comedy Romance,7.3
881,Thattathin Marayathu,2012,Drama Musical Romance,7.4
882,Men in Hope,2011,Comedy Drama Romance,7.1
883,Courier,1986,Comedy Drama Romance,8.0
884,Tales of the City,1993,Drama Mystery Romance,8.3
885,Thoovanathumbikal,1987,Drama Musical Romance,8.6
886,What About Brian,2006,Comedy Drama Romance,7.1
887,Cows,1992,Drama Mystery Romance,7.1
888,"My Tomorrow, Your Yesterday",2016,Drama Fantasy Romance,7.5
889,Tell Me You Love Me,2007,Drama Romance,7.3
890,State of the Union,2019,Comedy Drama Romance,7.9
891,She Was Pretty,2015,Comedy Romance,7.7
892,Fidaa,2017,Drama Romance,7.5
893,Aquí no hay quien viva,2003,Comedy Romance,8.1
894,Fight Back to School,1991,Action Comedy Romance,7.1
895,The Aviator's Wife,1981,Comedy Drama Romance,7.6
896,Love and Honor,2006,Drama Romance,7.7
897,Last Cab to Darwin,2015,Comedy Drama Romance,7.2
898,He Died with a Felafel in His Hand,2001,Comedy Romance,7.1
899,The Dark Side of the Heart,1992,Comedy Drama Romance,7.6
900,Humsafar,2011,Drama Romance,9.0
901,That Most Important Thing: Love,1975,Drama Romance,7.3
902,Ödipussi,1988,Comedy Romance,7.5
903,Nana,2005,Drama Music Romance,7.1
904,Tilt,2010,Drama Romance,7.5
905,Time of Eve,2010,Animation Drama Romance,7.4
906,Tholi Prema,1998,Drama Romance,8.2
907,Sultan,1978,Comedy Family Romance,7.6
908,Zelary,2003,Drama Romance War,7.6
909,Leila,1997,Drama Family Romance,7.6
910,Alhambeura Goongjeonui Chooeok,2018,Drama Romance Sci-Fi,7.8
911,Classmates,2006,Drama Mystery Romance,8.1
912,Personal Taste,2010,Comedy Drama Romance,7.5
913,Blue Gate Crossing,2002,Drama Romance,7.3
914,Married,2014,Comedy Drama Romance,7.1
915,Something in the Rain,2018,Drama Romance,8.1
916,The K2,2016,Drama Romance Thriller,7.8
917,The Red Tent,2014,Drama History Romance,7.3
918,Christmas in August,1998,Drama Romance,7.6
919,Belgravia,2020,Drama Romance,7.5
920,Faithless,2000,Drama Romance,7.4
921,Elsa & Fred,2005,Comedy Drama Romance,7.6
922,The High Sun,2015,Drama Romance War,7.1
923,Mario,2018,Drama Romance Sport,7.4
924,Mouna Ragam,1986,Drama Romance,8.4
925,L'Innocente,1976,Drama Romance,7.4
926,Yatra,2018,Biography Drama Romance,8.2
927,Oh My Venus,2015,Comedy Drama Romance,7.9
928,Manmadhudu,2002,Comedy Romance,8.3
929,Architecture 101,2012,Drama Romance,7.2
930,A Cruel Romance,1984,Drama History Romance,8.0
931,The Pirates of Penzance,1983,Comedy Musical Romance,7.1
932,Dark Horse,2005,Comedy Drama Romance,7.2
933,The Keeper,2018,Biography Drama Romance,7.2
934,Pushpaka Vimana,1987,Comedy Romance,8.6
935,Bhale Bhale Magadivoi,2015,Comedy Romance,7.8
936,Roseanna's Grave,1997,Comedy Drama Romance,7.2
937,Meet the Patels,2014,Comedy Documentary Romance,7.2
938,"El mismo amor, la misma lluvia",1999,Comedy Drama Romance,7.3
939,Man in an Orange Shirt,2017,Drama Romance,8.0
940,Fight for My Way,2017,Comedy Romance,8.1
941,The Heart of the World,2000,Action Fantasy Romance,7.6
942,Mysteries of Lisbon,2010,Drama Mystery Romance,7.4
943,Late Marriage,2001,Comedy Drama Romance,7.1
944,Jane Eyre,1983,Drama Romance,8.0
945,Tum Bin...: Love Will Find a Way,2001,Drama Romance,7.5
946,Wildfire,2005,Drama Family Romance,7.5
947,You Fly,2009,Comedy Fantasy Romance,7.2
948,Sad Movie,2005,Comedy Drama Romance,7.3
949,Mayakkam Enna,2011,Drama Romance,7.6
950,Paruthiveeran,2007,Action Drama Romance,8.2
951,Life as We Know It,2004,Comedy Drama Romance,7.8
952,Map of the Human Heart,1992,Adventure Drama Romance,7.1
953,Moscow Square,2001,Comedy Drama Romance,7.8
954,Mr Perfect,2011,Drama Romance,7.1
955,The Assault,1986,Drama History Romance,7.2
956,"It's Okay, That's Love",2014,Comedy Drama Romance,8.3
957,Crying Out Love in the Center of the World,2004,Drama Romance,7.2
958,Kurt Seyit ve Sura,2014,Drama History Romance,7.1
959,Zindagi Gulzar Hai,2012,Romance,8.9
960,Summer Palace,2006,Drama Romance,7.1
961,Tatar Ramazan,1990,Drama Romance,8.0
962,Majili,2019,Drama Romance,7.2
963,Dark Eyes,1987,Comedy Drama Romance,7.4
964,Godfather,1991,Comedy Drama Romance,8.6
965,The Best Intentions,1992,Biography Drama Romance,7.8
966,Full House,2004,Comedy Romance,7.9
967,The Crimson Petal and the White,2011,Drama Romance,7.6
968,Sadma,1983,Romance,8.4
969,Heavenly Forest,2006,Drama Romance,7.5
970,Angrej,2015,Romance,8.5
971,Carmen,1983,Drama Music Romance,7.6
972,Five Fingers of Death,1972,Action Drama Romance,7.1
973,Dilan 1990,2018,Drama Romance,7.3
974,The Beautiful Risk,2013,Drama Romance,7.7
975,What the Day Owes the Night,2012,Drama Romance,7.8
976,Love Me No More,2008,Drama Romance,7.1
977,"Take Care of Your Scarf, Tatiana",1994,Comedy Romance,7.3
978,A Railway Station for Two,1983,Drama Romance,7.9
979,April Story,1998,Drama Romance,7.1
980,You Knock on My Door,2020,Comedy Romance,7.8
981,Maryan,2013,Adventure Drama Romance,7.1
982,A Man from Boulevard des Capucines,1987,Comedy Musical Romance,7.8
983,Mungaru Male,2006,Comedy Music Romance,8.3
984,Midaq Alley,1995,Drama Romance,7.4
985,Autumn Marathon,1979,Comedy Drama Romance,7.9
986,Cheese in the Trap,2016,Comedy Romance,7.4
987,Broken But Beautiful,2018,Drama Romance,9.0
988,Boys Over Flowers,2005,Comedy Drama Romance,8.1
989,Arranged,2007,Comedy Drama Romance,7.3
990,Hemlock Society,2012,Comedy Drama Romance,7.4
991,May Fools,1990,Comedy Romance,7.3
992,Remember Darling,2006,Drama History Romance,7.7
993,I'm Not a Robot,2017,Comedy Romance Sci-Fi,8.0
994,Malliswari,2004,Comedy Romance,7.8
995,The Tribe,1999,Drama Romance Sci-Fi,7.6
996,Nuvvostanante Nenoddantana,2005,Romance,7.7
997,Amen,2013,Drama Musical Romance,7.8
998,Mischievous Kiss,2010,Comedy Romance,7.1
999,My Little Monster,2012,Animation Comedy Romance,7.3
1000,The Way We Live Now,2001,Drama Romance,7.6
1001,Ye Maaya Chesave,2010,Romance,7.7
1002,Le péril jeune,1994,Comedy Drama Romance,7.2
1003,Cheap Smokes,2000,Comedy Romance,7.5
1004,Under the Hawthorn Tree,2010,Drama Romance,7.1
1005,Sagara Sangamam,1983,Drama Musical Romance,8.8
1006,Us and Them,2018,Drama Romance,7.4
1007,Eisai to tairi mou,2001,Comedy Romance,8.4
1008,Hear Me,2009,Drama Romance,7.5
1009,It's My Party,1996,Drama Romance,7.2
1010,Haasil,2003,Crime Drama Romance,7.6
1011,Parting Glances,1986,Drama Music Romance,7.1
1012,I Dream in Another Language,2017,Drama Romance,7.4
1013,Waterloo Road,2006,Drama Romance,7.2
1014,Suspicious Partner,2017,Comedy Crime Romance,7.9
1015,Girls from Ipanema,2019,Drama Romance,7.9
1016,Love on the Spectrum,2019,Documentary Reality-TV Romance,8.5
1017,Hello Stranger,2010,Comedy Romance,7.5
1018,The River,1997,Drama Romance,7.3
1019,Good Morning Call,2016,Comedy Romance,7.7
1020,Smiling Fish & Goat on Fire,1999,Comedy Romance,7.7
1021,The Adventures of Sherlock Holmes and Dr. Watson: The Treasures of Agra,1983,Crime Mystery Romance,8.4
1022,Silence: The Musical,1996,Drama Musical Romance,7.5
1023,Meteor Garden,2018,Drama Romance,8.1
1024,House of Fools,2002,Drama Music Romance,7.1
1025,Ne Olacak Simdi,1979,Comedy Romance,7.6
1026,Daruchini Dwip,2007,Comedy Drama Romance,7.8
1027,Romance Is a Bonus Book,2019,Romance,8.1
1028,Alcoholic,1984,Comedy Drama Romance,7.4
1029,Youth,2017,Drama Romance War,7.1
1030,Stutterer,2015,Drama Romance Short,7.7
1031,Degrassi High,1987,Drama Family Romance,8.1
1032,Oh Olsun,1973,Comedy Family Romance,7.2
1033,Iss Pyaar Ko Kya Naam Doon,2011,Drama Romance,7.5
1034,Melody,1971,Comedy Drama Romance,7.6
1035,Love & Anarchy,1973,Comedy Drama Romance,7.8
1036,Tuvalu,1999,Comedy Drama Romance,7.4
1037,Darling,2010,Comedy Drama Romance,7.3
1038,Kaos,1984,Comedy Drama Romance,7.9
1039,TRUE,2004,Drama Romance Short,8.0
1040,Conqueror of Destiny,1978,Drama Romance,7.5
1041,Once and Again,1999,Drama Family Romance,7.8
1042,The Clone,2001,Drama Romance Sci-Fi,8.1
1043,Monarch of the Glen,2000,Comedy Drama Romance,7.7
1044,Kadhalum Kadanthu Pogum,2016,Comedy Drama Romance,7.3
1045,Zappa,1983,Comedy Drama Romance,7.3
1046,Lamhe,1991,Drama Musical Romance,7.4
1047,Kandukondain Kandukondain,2000,Drama Romance,7.6
1048,My Girl and I,2005,Drama Romance,7.2
1049,Five Dances,2013,Drama Music Romance,7.1
1050,Ayalum Njanum Thammil...,2012,Drama Family Romance,8.0
1051,César and Rosalie,1972,Drama Romance,7.4
1052,Series of Events,1981,Drama Family Romance,7.3
1053,What's Up with Love?,2002,Drama Romance,7.8
1054,Zenne Dancer,2011,Biography Drama Romance,7.2
1055,Tatli Dillim,1972,Comedy Romance,7.2
1056,Ninnu Kori,2017,Comedy Romance,7.5
1057,Ala Modalaindi,2011,Comedy Drama Romance,7.7
1058,The Hows of Us,2018,Drama Romance,7.3
1059,Parugu,2008,Action Romance,7.1
1060,Cirkus Columbia,2010,Comedy Drama Romance,7.2
1061,Guna,1991,Drama Romance,8.2
1062,The Quack,1982,Drama Romance,7.8
1063,Sulemani Keeda,2014,Comedy Romance,7.1
1064,Hepta: The Last Lecture,2016,Drama Romance,7.6
1065,"Yo soy Betty, la fea",1999,Comedy Drama Romance,8.1
1066,My Girlfriend Is a Gumiho,2010,Comedy Fantasy Romance,7.8
1067,Camp,2013,Comedy Drama Romance,7.3
1068,Crazy Love,2007,Documentary Romance,7.1
1069,Twenty Four Seven,1997,Comedy Drama Romance,7.1
1070,Promise at Dawn,2017,Biography Drama Romance,7.2
1071,Cinderella and the Four Knights,2016,Comedy Romance,7.3
1072,Laila Majnu,2018,Drama Romance,7.7
1073,"Say ""I Love You""",2012,Animation Drama Romance,7.4
1074,Hit the Floor,2013,Drama Romance,7.1
1075,Monthly Girls' Nozaki-kun,2014,Animation Comedy Romance,7.7
1076,Middle Class Melodies,2020,Comedy Drama Romance,7.7
1077,The Great Journey,2004,Drama Romance,7.2
1078,The Lacemaker,1977,Drama Romance,7.6
1079,Because This Is My First Life,2017,Comedy Drama Romance,8.1
1080,The Deluge,1974,Adventure History Romance,7.7
1081,From Me to You,2010,Drama Romance,7.1
1082,Jatt & Juliet,2012,Comedy Romance,7.5
1083,You Go to My Head,2017,Drama Mystery Romance,7.8
1084,Moondram Pirai,1982,Drama Romance,8.6
1085,Actor in Law,2016,Comedy Drama Romance,7.7
1086,The Devil's Whore,2008,Drama History Romance,7.1
1087,Çalikusu,2013,Drama History Romance,7.4
1088,The Wolf,2019,History Romance War,8.9
1089,More Than Blue,2009,Drama Romance,7.6
1090,Prime Suspect 5: Errors of Judgement,1996,Crime Mystery Romance,7.9
1091,Nisekoi: False Love,2014,Animation Comedy Romance,7.2
1092,Final Cut: Ladies and Gentlemen,2012,Comedy Drama Romance,8.1
1093,Dream High,2011,Comedy Music Romance,7.6
1094,The Danish Poet,2006,Animation Romance Short,7.5
1095,Dust in the Wind,1986,Drama Romance,7.6
1096,Heart Attack,2015,Comedy Drama Romance,7.7
1097,Love in a Puff,2010,Comedy Drama Romance,7.2
1098,Love Mocktail,2020,Drama Romance,8.3
1099,Sethu,1999,Action Drama Romance,8.1
1100,Deadly Circuit,1983,Crime Mystery Romance,7.1
1101,One-Minute Time Machine,2014,Comedy Romance Sci-Fi,7.7
1102,Gitanjali,1989,Drama Romance,8.2
1103,Mumon: The Land of Stealth,2017,Action Romance,7.1
1104,Kushi,2000,Comedy Drama Romance,7.4
1105,Princess Hours,2006,Comedy Romance,7.7
1106,Middlemarch,1994,Drama History Romance,7.4
1107,Chashme Buddoor,1981,Comedy Family Romance,8.0
1108,Tholiprema,2018,Romance,7.3
1109,Punjab Nahi Jaungi,2017,Comedy Romance,7.2
1110,The Last Post,2017,Drama History Romance,7.2
1111,Morning Changes Everything,2018,Drama Romance,9.0
1112,I Give My First Love to You,2009,Drama Romance,7.2
1113,The Japanese Wife,2010,Drama Romance,7.6
1114,Tuya's Marriage,2006,Drama Romance,7.2
1115,Googly,2013,Comedy Romance,7.4
1116,Mayaanadhi,2017,Drama Romance,7.8
1117,Surga Yang Tak Dirindukan,2015,Drama Romance,7.8
1118,Punjabi House,1998,Comedy Drama Romance,8.0
1119,Lovely Complex,2007,Animation Comedy Romance,8.0
1120,Qismat,2018,Drama Romance,8.4
1121,Thirtysomething,1987,Drama Romance,7.4
1122,Vaalee,1999,Romance Thriller,7.9
1123,Pride and Prejudice,1980,Comedy Drama Romance,7.3
1124,Srabon Megher Din,2000,Drama Romance,8.5
1125,The Buccaneers,1995,Adventure Drama Romance,7.1
1126,The Teacher's Diary,2014,Comedy Drama Romance,7.9
1127,Carmen & Lola,2018,Adventure Drama Romance,7.1
1128,Jack & Bobby,2004,Drama Romance Sci-Fi,8.0
1129,Madrasapattinam,2010,Drama History Romance,7.8
1130,The Suspended Step of the Stork,1991,Drama Romance,7.5
1131,Wild Angel,1998,Comedy Drama Romance,7.3
1132,Yalanci Yarim,1973,Comedy Romance,7.2
1133,Max and the Junkmen,1971,Crime Drama Romance,7.3
1134,7/G Rainbow Colony,2004,Drama Romance,7.8
1135,Four Nights of a Dreamer,1971,Drama Romance,7.4
1136,Lan Yu,2001,Drama Romance,7.1
1137,SuckSeed,2011,Comedy Music Romance,7.5
1138,"Lovely, Still",2008,Drama Romance,7.1
1139,Rooftop Prince,2012,Comedy Fantasy Romance,7.8
1140,...ing,2003,Drama Romance,7.2
1141,Names Engraved in Marble,2002,Drama Romance War,7.2
1142,1 Litre of Tears,2005,Drama Romance,8.8
1143,Karz,1980,Action Musical Romance,7.5
1144,Friends,2001,Comedy Drama Romance,7.5
1145,"Main, Meri Patni... Aur Woh!",2005,Comedy Drama Romance,7.3
1146,Eternal Summer,2006,Drama Romance,7.1
1147,Next Stop Paradise,1998,Crime Drama Romance,7.9
1148,Namukku Parkkan Munthiri Thoppukal,1986,Romance,8.4
1149,Standoff,2006,Crime Drama Romance,7.6
1150,Tune in for Love,2019,Drama Romance,7.1
1151,La usurpadora,1998,Drama Romance,7.8
1152,ATM: Er Rak Error,2012,Comedy Romance,7.1
1153,Soulmate,2016,Drama Romance,7.4
1154,Compagni di scuola,1988,Comedy Drama Romance,7.2
1155,One Day,2016,Drama Romance,7.7
1156,Unconscious,2004,Comedy Mystery Romance,7.2
1157,Any Human Heart,2010,Drama Romance,7.9
1158,Orange,2016,Animation Drama Romance,7.6
1159,The Reverse,2009,Comedy Drama Romance,7.1
1160,The Family,1987,Drama Romance,7.4
1161,Coldd Lassi Aur Chicken Masala,2019,Romance,8.3
1162,Arn,2010,Action Drama Romance,7.4
1163,"Two Cars, One Night",2003,Drama Romance Short,7.3
1164,Border Café,2005,Drama Romance,7.3
1165,Remembrance,2011,Drama Romance War,7.2
1166,Bojhena Shey Bojhena,2012,Comedy Drama Romance,7.6
1167,The Farewell Party,2014,Comedy Drama Romance,7.1
1168,Krishna Gaadi Veera Prema Gaadha,2016,Action Comedy Romance,7.5
1169,Let Me Eat Your Pancreas,2017,Drama Romance,7.1
1170,The Graduates,1986,Comedy Romance,8.0
1171,Four Adventures of Reinette and Mirabelle,1987,Comedy Drama Romance,7.7
1172,Kuzgun,2019,Action Drama Romance,7.7
1173,Pasión de Gavilanes,2003,Drama Romance,7.9
1174,Kappela,2020,Comedy Romance,7.6
1175,Dyo xenoi,1997,Comedy Romance,7.9
1176,Simple Agi Ondh Love Story,2013,Comedy Romance,8.0
1177,The Year My Voice Broke,1987,Drama Romance,7.4
1178,Sankarabharanam,1980,Drama Musical Romance,8.7
1179,Start-Up,2020,Comedy Drama Romance,8.3
1180,My Straight Son,2012,Drama Romance,7.5
1181,Tutankhamun,2016,Drama History Romance,7.2
1182,The Blonde One,2019,Drama Romance,7.4
1183,Jhankaar Beats,2003,Comedy Music Romance,7.2
1184,Fittrat,2019,Drama Romance,8.5
1185,Off Beat,2004,Drama Romance,7.1
1186,Ditto,2000,Drama Romance Sci-Fi,7.1
1187,Sometimes,1976,Drama Romance,7.4
1188,Thanneermathan Dinangal,2019,Comedy Romance,8.0
1189,Emma's Bliss,2006,Drama Romance,7.2
1190,The Jewel in the Crown,1984,Drama History Romance,8.3
1191,Csinibaba,1997,Comedy Musical Romance,7.4
1192,To the Manor Born,1979,Comedy Romance,7.4
1193,Skam France,2018,Drama Romance,8.3
1194,Moonlight Drawn by Clouds,2016,Comedy Drama Romance,7.9
1195,Key of Life,2012,Comedy Crime Romance,7.4
1196,My Favorite Season,1993,Drama Romance,7.1
1197,Siberiade,1979,Drama History Romance,8.0
1198,Ishq,2019,Drama Romance Thriller,7.5
1199,Love Alarm,2019,Comedy Drama Romance,7.4
1200,Kit Kat,1991,Comedy Drama Romance,8.2
1201,The Collection,2016,Drama History Romance,7.1
1202,Habibie & Ainun,2012,Biography Drama Romance,7.6
1203,School Rumble,2004,Animation Comedy Romance,7.8
1204,Pyarey Afzal,2013,Drama Romance,9.1
1205,Thulladha Manamum Thullum,1999,Drama Romance,7.7
1206,War and Peace,2007,Drama History Romance,7.2
1207,Living Legends,2014,Comedy Drama Romance,7.4
1208,What's the Time in Your World?,2014,Drama Romance,7.1
1209,Grandizer,1975,Action Animation Romance,8.3
1210,Paragraph 175,2000,Documentary History Romance,7.7
1211,My ID Is Gangnam Beauty,2018,Comedy Romance,7.5
1212,Kendasampige,2015,Romance Thriller,8.4
1213,Claudine,1974,Comedy Drama Romance,7.2
1214,Chennai 600028,2007,Comedy Romance Sport,7.9
1215,My Girl,2003,Comedy Romance,8.0
1216,Confess,2017,Drama Romance,7.9
1217,Love Me,2019,Comedy Drama Romance,8.0
1218,Vellimoonga,2014,Comedy Romance,7.5
1219,Accel World,2012,Action Animation Romance,7.2
1220,Lover's Concerto,2002,Drama Romance,7.1
1221,All's Well Ends Well,1992,Comedy Romance,7.3
1222,Last Resort,2000,Drama Romance,7.2
1223,Brazil Avenue,2012,Drama Mystery Romance,8.2
1224,Dark Shadows,1991,Drama Horror Romance,7.5
1225,The Treasure of Swamp Castle,1985,Adventure Animation Romance,7.9
1226,Doctors,2016,Comedy Drama Romance,7.7
1227,The Stroll,2003,Drama Romance,7.3
1228,Nodame Cantabile,2006,Comedy Drama Romance,8.3
1229,Kadhalan,1994,Action Drama Romance,7.2
1230,Citizen Dog,2004,Comedy Fantasy Romance,7.3
1231,5 cm,2012,Adventure Drama Romance,7.2
1232,Wolf Girl and Black Prince,2014,Animation Comedy Romance,7.1
1233,Mann Mayal,2016,Drama Romance,8.0
1234,"Chaos, This Is",2007,Crime Drama Romance,7.1
1235,Echoes of the Rainbow,2010,Comedy Drama Romance,7.4
1236,Jatt & Juliet 2,2013,Comedy Romance,7.4
1237,Friend Zone,2019,Comedy Romance,7.2
1238,Haereul poomeun dal,2012,Drama Fantasy Romance,8.0
1239,Indian Summer,1972,Drama Romance,7.3
1240,Salt n' Pepper,2011,Comedy Drama Romance,7.4
1241,Hello Guru Prema Kosame,2018,Comedy Romance,7.1
1242,You Are My Destiny,2014,Comedy Romance,7.9
1243,Death of a Shadow,2012,Drama Fantasy Romance,7.2
1244,Center Stage,1991,Biography Drama Romance,7.5
1245,Uncontrollably Fond,2016,Drama Romance,7.8
1246,Doctor Stranger,2014,Action Drama Romance,7.4
1247,My Secret Romance,2017,Comedy Romance,7.2
1248,It Can't Be!,1975,Comedy Musical Romance,7.7
1249,Gentleman,2016,Mystery Romance Thriller,7.1
1250,The Grey Fox,1982,Biography Drama Romance,7.4
1251,Mr. And Mrs. Ramchari,2014,Action Drama Romance,7.3
1252,Yaaradi Nee Mohini,2008,Drama Romance,7.2
1253,The Flower of Evil,2020,Mystery Romance Thriller,8.7
1254,Shala,2011,Romance,8.2
1255,God of Love,2010,Comedy Fantasy Romance,7.6
1256,What's Up with Love 2,2016,Drama Romance,7.4
1257,Québec-Montréal,2002,Comedy Romance,7.3
1258,Bobby,1973,Comedy Musical Romance,7.1
1259,Hello!,2017,Action Romance,7.2
1260,Rooster's Breakfast,2007,Drama Romance,7.5
1261,Premeditated Murder,1995,Drama Romance,8.1
1262,Dates,2013,Drama Romance,7.5
1263,Berusaiyu no bara,1979,Animation Drama Romance,8.3
1264,Bangkok Traffic (Love) Story,2009,Comedy Romance,7.2
1265,Respect for Love,1997,Drama Romance,7.6
1266,The Hornet,1998,Crime Drama Romance,7.2
1267,Officers,1971,Drama Romance War,7.7
1268,Classroom of the Elite,2017,Animation Comedy Romance,7.4
1269,The Young Riders,1989,Romance Western,7.9
1270,Diamond Necklace,2012,Drama Romance,7.2
1271,Deep Crimson,1996,Crime Drama Romance,7.3
1272,Lily and Jim,1997,Animation Comedy Romance,7.3
1273,Ishq,2012,Comedy Romance,7.3
1274,Iris,2009,Action Mystery Romance,7.9
1275,Rendezvous in Paris,1995,Comedy Romance,7.4
1276,To the Beautiful You,2012,Comedy Romance,7.2
1277,The Line of Beauty,2006,Drama Romance,7.4
1278,More Tales of the City,1998,Drama Romance,7.9
1279,Annayum Rasoolum,2013,Romance,7.4
1280,Badri,2000,Comedy Drama Romance,7.2
1281,I'll Wait for the Next One...,2002,Comedy Romance Short,7.3
1282,Al Kabeer,2010,Comedy Romance,8.2
1283,Mozhi,2007,Comedy Musical Romance,8.0
1284,Two Family House,2000,Comedy Drama Romance,7.1
1285,"Three Lives Three Worlds, Ten Miles of Peach Blossom",2017,Drama Fantasy Romance,8.3
1286,Blood Wedding,1981,Drama Music Romance,7.6
1287,Mumbai Pune Mumbai,2010,Drama Romance,8.0
1288,A West Texas Children's Story,2007,Drama Romance,7.5
1289,The Beauty Inside,2012,Comedy Drama Romance,8.2
1290,Mounam Pesiyadhe,2002,Drama Romance,7.6
1291,Age of Youth,2016,Comedy Drama Romance,8.3
1292,My Lovely Sam-Soon,2005,Comedy Drama Romance,8.0
1293,The Officer's Ward,2001,Drama Romance War,7.4
1294,Samaya obayatelnaya i privlekatelnaya,1985,Comedy Romance,7.5
1295,Wait for Me and I Will Not Come,2009,Drama Romance,7.1
1296,West Bank Story,2005,Comedy Musical Romance,7.3
1297,Bamfaad,2020,Romance,7.3
1298,Desiderium,1978,Drama Romance,8.3
1299,Love O2O,2016,Drama Romance,8.0
1300,Je ne suis pas là pour être aimé,2005,Drama Romance,7.1
1301,Midnight Sun,2006,Drama Music Romance,7.2
1302,Reply 1997,2012,Comedy Drama Romance,8.1
1303,Her Private Life,2019,Comedy Romance,7.7
1304,Kumari 21F,2015,Drama Romance,7.7
1305,An Autumn's Tale,1987,Drama Romance,7.7
1306,Shéhérazade,2018,Drama Romance Thriller,7.1
1307,Chuye Dile Mon,2015,Romance,7.2
1308,The Most Beautiful Girl in the World,2018,Comedy Music Romance,7.2
1309,Chameli Ki Shaadi,1986,Comedy Drama Romance,7.5
1310,Hello! How Are You?,2010,Comedy Romance,7.3
1311,Inside Moves,1980,Comedy Drama Romance,7.2
1312,"Niagara, Niagara",1997,Drama Romance,7.1
1313,Amar Prem,1972,Drama Musical Romance,8.2
1314,If I Hadn't Met You,2018,Drama Fantasy Romance,7.7
1315,Destiny and Fate,1981,Action Musical Romance,7.1
1316,You've Fallen for Me,2011,Drama Music Romance,7.2
1317,"Josee, the Tiger and the Fish",2003,Drama Romance,7.4
1318,For Lovers Only,2011,Comedy Drama Romance,7.1
